word,is_solution,first_entropy
aahed,0,4.362784
aalii,0,3.771990
aargh,0,4.238291
aarti,0,4.721153
abaca,0,3.160971
abaci,0,3.895456
aback,1,3.515873
abacs,0,3.928332
abaft,0,3.800745
abaka,0,2.789359
abamp,0,3.485663
aband,0,3.943909
abase,1,4.587312
abash,0,3.972211
abask,0,3.707898
abate,1,4.633526
abaya,0,2.974090
abbas,0,3.123291
abbed,0,3.969211
abbes,0,4.095039
abbey,1,3.932865
abbot,1,3.987979
abcee,0,4.476984
abeam,0,3.961354
abear,0,4.540323
abele,0,4.685496
abers,0,5.037189
abets,0,4.940763
abhor,1,4.599239
abide,1,4.893067
abies,0,5.019840
abled,1,4.877838
abler,0,5.181803
ables,0,5.003910
ablet,0,5.237782
ablow,0,4.188510
abmho,0,3.987095
abode,1,4.867913
abohm,0,4.105340
aboil,0,4.805425
aboma,0,3.682459
aboon,0,4.038996
abord,0,4.737102
abore,0,5.303919
abort,1,5.092981
about,1,4.684918
above,1,4.498452
abram,0,3.922115
abray,0,4.048659
abrim,0,4.533580
abrin,0,4.852273
abris,0,4.798874
absey,0,4.751822
absit,0,4.809231
abuna,0,3.807907
abune,0,4.915583
abuse,1,4.973006
abuts,0,4.538724
abuzz,0,2.728349
abyes,0,4.670345
abysm,0,4.117381
abyss,1,3.629913
acais,0,4.312396
acari,0,4.439996
accas,0,3.397244
accoy,0,3.907193
acerb,0,4.944777
acers,0,5.258278
aceta,0,4.541445
achar,0,4.204025
ached,0,4.717443
aches,0,4.833667
achoo,0,3.869268
acids,0,4.622489
acidy,0,4.496845
acing,0,4.547316
acini,0,4.095752
ackee,0,4.339749
acker,0,4.863546
acmes,0,4.839692
acmic,0,3.720981
acned,0,5.052045
acnes,0,5.160457
acock,0,3.727344
acold,0,4.858034
acorn,1,5.157105
acred,0,5.249500
acres,0,5.359026
acrid,1,4.914169
acros,0,5.033974
acted,0,5.105806
actin,0,4.963695
acton,0,4.965203
actor,1,5.215938
acute,1,5.237285
acyls,0,4.615348
adage,1,4.351315
adapt,1,4.130421
adaws,0,3.665126
adays,0,3.885591
adbot,0,4.587847
addax,0,2.536453
added,0,3.502644
adder,0,4.483820
addio,0,3.902403
addle,0,4.487970
adeem,0,4.366011
adept,1,4.915998
adhan,0,3.848109
adieu,0,4.878827
adios,0,4.777269
adits,0,4.876078
adman,0,3.838881
admen,0,4.807509
admin,1,4.448953
admit,1,4.613955
admix,0,3.636613
adobe,1,4.839640
adobo,0,3.735916
adopt,1,4.733875
adore,1,5.435577
adorn,1,5.050345
adown,0,4.320156
adoze,0,4.404649
adrad,0,3.624771
adred,0,4.574745
adsum,0,4.231139
aduki,0,3.990360
adult,1,4.878509
adunc,0,4.452598
adust,0,4.851920
advew,0,4.045531
adyta,0,3.885446
adzed,0,3.541769
adzes,0,4.239241
aecia,0,4.525612
aedes,0,4.730106
aegis,0,5.011274
aeons,0,5.395354
aerie,0,5.253231
aeros,0,5.528939
aesir,0,5.621975
afald,0,3.934341
afara,0,3.381759
afars,0,4.151173
afear,0,4.460635
affix,1,2.870085
afire,1,5.250717
aflaj,0,3.147876
afoot,1,4.132550
afore,0,5.211487
afoul,1,4.522820
afrit,0,4.960137
afros,0,4.741808
after,1,5.142395
again,1,4.186997
agama,0,2.974790
agami,0,3.711892
agape,1,4.299532
agars,0,4.264054
agast,0,4.372355
agate,1,4.654873
agave,0,3.974863
agaze,0,3.740271
agene,0,4.628109
agent,1,5.087335
agers,0,5.080021
agger,0,4.362149
aggie,0,4.276415
aggri,0,3.907036
aggro,0,4.006670
aggry,0,3.820288
aghas,0,3.700581
agila,0,4.158611
agile,1,5.271346
aging,1,3.845684
agios,0,4.692762
agism,0,4.493209
agist,0,4.975232
agita,0,4.159839
aglee,0,4.741979
aglet,0,5.259434
agley,0,4.877739
agloo,0,4.039937
aglow,1,4.235865
aglus,0,4.472608
agmas,0,3.689577
agoge,0,4.290223
agone,0,5.121101
agons,0,4.708608
agony,1,4.583921
agood,0,3.897907
agora,1,4.259917
agree,1,4.868715
agria,0,4.211060
agrin,0,4.883870
agros,0,4.858380
agued,0,4.713533
agues,0,4.838113
aguna,0,3.837242
aguti,0,4.484079
ahead,1,4.328311
aheap,0,4.263018
ahent,0,5.288567
ahigh,0,3.811078
ahind,0,4.741806
ahing,0,4.550214
ahint,0,5.089220
ahold,0,4.847121
ahull,0,4.163505
ahuru,0,4.026606
aidas,0,4.254966
aided,0,4.470576
aider,1,5.401613
aides,0,5.194329
aidoi,0,4.030685
aidos,0,4.826547
aiery,0,5.343375
aigas,0,4.164845
aight,0,4.643693
ailed,0,5.354538
aimed,0,4.967188
aimer,0,5.303809
ainee,0,5.084423
ainga,0,4.074507
aioli,0,4.412947
aired,0,5.474454
airer,0,5.012923
airns,0,5.280130
airth,0,5.226118
airts,0,5.367149
aisle,1,5.636828
aitch,0,4.846156
aitus,0,4.916925
aiver,0,5.033534
aiyee,0,4.789158
aizle,0,4.826161
ajies,0,4.611024
ajiva,0,3.013454
ajuga,0,3.063976
ajwan,0,3.099326
akees,0,4.402394
akela,0,4.218311
akene,0,4.517404
aking,0,4.223233
akita,0,4.027638
akkas,0,2.987581
alaap,0,3.617251
alack,0,4.050804
alamo,0,4.281166
aland,0,4.462146
alane,0,5.068286
alang,0,4.265337
alans,0,4.587229
alant,0,4.793222
alapa,0,3.537875
alaps,0,4.314557
alarm,1,4.467208
alary,0,4.590758
alate,0,5.150348
alays,0,4.296824
albas,0,4.142659
albee,0,4.823049
album,1,4.283599
alcid,0,4.835812
alcos,0,4.977828
aldea,0,4.636565
alder,0,5.437235
aldol,0,4.342215
aleck,0,4.834390
alecs,0,5.298689
alefs,0,4.915425
aleft,0,5.120944
aleph,0,4.995867
alert,1,5.745837
alews,0,4.894635
aleye,0,4.805385
alfas,0,4.031337
algae,1,4.667756
algal,0,3.592678
algas,0,4.197810
algid,0,4.696463
algin,0,4.857967
algor,0,5.106496
algum,0,4.335530
alias,0,4.614225
alibi,1,3.995149
alien,1,5.609534
alifs,0,4.710324
align,1,4.914204
alike,1,5.178799
aline,0,5.637222
alist,0,5.479818
alive,1,5.070301
aliya,0,4.267300
alkie,0,5.102296
alkos,0,4.644403
alkyd,0,4.149778
alkyl,0,3.674400
allay,1,3.675562
allee,0,4.517165
allel,0,4.057402
alley,1,4.627102
allis,0,4.477168
allod,0,4.336423
allot,1,4.687202
allow,1,4.002070
alloy,1,4.304826
allyl,0,3.346245
almah,0,4.064754
almas,0,4.196643
almeh,0,5.043156
almes,0,5.175542
almud,0,4.477904
almug,0,4.331220
alods,0,4.941355
aloed,0,5.391037
aloes,0,5.525798
aloft,1,4.927067
aloha,0,4.269993
aloin,0,5.219278
alone,1,5.614036
along,1,4.865900
aloof,1,4.092952
aloos,0,4.521381
aloud,1,4.850175
alowe,0,5.103270
alpha,1,3.918425
altar,1,4.838487
alter,1,5.713171
altho,0,4.918843
altos,0,5.220324
alula,0,3.659765
alums,0,4.656184
alure,0,5.594358
alvar,0,4.225620
alway,0,3.866940
amahs,0,3.850843
amain,0,4.230563
amass,1,3.438971
amate,0,4.703825
amaut,0,4.186615
amaze,1,3.787793
amban,0,3.741294
amber,1,4.862385
ambit,0,4.529546
amble,1,4.854838
ambos,0,4.299177
ambry,0,4.327164
ameba,0,3.884376
ameer,0,4.782622
amend,1,4.795430
amene,0,4.677004
amens,0,4.938415
ament,0,5.136716
amias,0,4.161333
amice,0,5.118262
amici,0,3.843732
amide,0,4.963438
amido,0,4.481070
amids,0,4.487062
amies,0,5.100958
amiga,0,3.783823
amigo,0,4.398957
amine,0,5.187994
amino,0,4.703354
amins,0,4.731171
amirs,0,4.922209
amiss,1,4.047637
amity,1,4.675450
amlas,0,4.112127
amman,0,3.269575
ammon,0,3.895842
ammos,0,3.852088
amnia,0,4.038580
amnic,0,4.495330
amnio,0,4.644756
amoks,0,4.252719
amole,0,5.266357
among,1,4.423502
amort,0,5.166610
amour,0,4.848054
amove,0,4.571407
amowt,0,4.439149
amped,0,4.613640
ample,1,4.953569
amply,1,4.301577
ampul,0,4.345893
amrit,0,5.110210
amuck,0,3.987389
amuse,1,5.047928
amyls,0,4.477722
anana,0,2.935616
anata,0,3.759833
ancho,0,4.516862
ancle,0,5.358542
ancon,0,4.146984
andro,0,4.957464
anear,0,4.915453
anele,0,5.061704
anent,0,4.719222
angas,0,4.037183
angel,1,5.140910
anger,1,5.190980
angle,1,5.185033
anglo,0,4.739772
angry,1,4.663214
angst,1,4.865540
anigh,0,4.584021
anile,0,5.600095
anils,0,5.127488
anima,0,4.070737
anime,1,5.178278
animi,0,3.921745
anion,0,4.358364
anise,0,5.565907
anker,0,4.996876
ankhs,0,4.156565
ankle,1,4.999441
ankus,0,4.248639
anlas,0,4.416094
annal,0,3.757084
annas,0,3.643597
annat,0,3.856263
annex,1,3.840227
annoy,1,4.105667
annul,1,4.186482
anoas,0,4.475823
anode,1,5.253543
anole,0,5.565099
anomy,0,4.588520
ansae,0,4.830280
antae,0,4.906318
antar,0,4.727322
antas,0,4.433419
anted,0,5.255622
antes,0,5.384577
antic,1,4.883805
antis,0,5.055106
antra,0,4.557794
antre,0,5.680472
antsy,0,4.932571
anura,0,4.374522
anvil,1,4.561449
anyon,0,4.071838
aorta,1,4.770697
apace,0,4.615474
apage,0,4.386044
apaid,0,4.131771
apart,1,4.638494
apayd,0,3.787998
apays,0,3.912982
apeak,0,3.982301
apeek,0,4.252662
apers,0,5.187570
apert,0,5.435186
apery,0,5.049636
apgar,0,4.137586
aphid,1,4.303932
aphis,0,4.436853
apian,0,4.305105
aping,1,4.476050
apiol,0,4.977924
apish,0,4.736384
apism,0,4.589758
apnea,1,4.480931
apode,0,5.027693
apods,0,4.548130
apoop,0,3.382497
aport,0,5.247026
appal,0,3.438154
appay,0,3.170386
appel,0,4.425060
apple,1,4.485313
apply,1,3.825874
appro,0,4.130294
appui,0,3.623844
appuy,0,3.578176
apres,0,5.292663
apron,1,5.027306
apses,0,4.357801
apsis,0,4.013006
apsos,0,4.007451
apted,0,5.042266
apter,0,5.395489
aptly,1,4.725228
aquae,0,3.840863
aquas,0,3.407547
araba,0,3.573841
araks,0,4.251282
arame,0,4.885450
arars,0,4.070758
arbas,0,4.305794
arbor,1,4.410847
arced,0,5.320179
archi,0,4.730023
arcos,0,5.124207
arcus,0,4.891736
ardeb,0,5.054340
ardor,1,4.545278
ardri,0,4.346211
aread,0,4.798783
areae,0,4.648954
areal,0,5.020944
arear,0,4.389428
areas,0,4.924437
areca,0,4.819726
aredd,0,4.594656
arede,0,5.024491
arefy,0,4.917219
areic,0,5.398901
arena,1,4.908161
arene,0,5.259770
arepa,0,4.640579
arere,0,4.611299
arete,0,5.358505
arets,0,5.626704
arett,0,5.098057
argal,0,4.451973
argan,0,4.405844
argil,0,5.099918
argle,0,5.476026
argol,0,5.107823
argon,0,5.021721
argot,0,5.214968
argue,1,5.219119
argus,0,4.739541
arhat,0,4.592891
arias,0,4.758495
ariel,0,5.775167
ariki,0,4.072040
arils,0,5.373626
ariot,0,5.572828
arise,1,5.820940
arish,0,5.238297
arked,0,4.955392
arled,0,5.507850
arles,0,5.633089
armed,0,5.165538
armer,0,4.692426
armet,0,5.530363
armil,0,5.094232
armor,1,4.457741
arnas,0,4.667224
arnut,0,5.301753
aroba,0,4.306621
aroha,0,4.419835
aroid,0,5.180137
aroma,1,4.366216
arose,1,5.767797
arpas,0,4.409935
arpen,0,5.392531
arrah,0,3.929641
arras,0,4.060189
array,1,3.921892
arret,0,5.223725
arris,0,4.676411
arrow,1,4.238687
arroz,0,3.936118
arsed,0,5.462718
arses,0,4.877822
arsey,0,5.419654
arsis,0,4.557683
arson,1,5.340566
artal,0,4.818348
artel,0,5.768295
artic,0,5.199760
artis,0,5.360603
artsy,1,5.217736
aruhe,0,5.301658
arums,0,4.798454
arval,0,4.199365
arvee,0,4.725873
arvos,0,4.738030
aryls,0,5.036775
asana,0,3.619018
ascon,0,4.819288
ascot,1,4.983826
ascus,0,3.781727
asdic,0,4.500753
ashed,0,4.799510
ashen,1,5.014165
ashes,0,4.220898
ashet,0,5.174652
aside,1,5.190735
asked,0,4.586073
asker,0,4.950027
askew,1,4.289285
askoi,0,4.307871
askos,0,3.690204
aspen,0,5.058918
asper,0,5.210785
aspic,0,4.486330
aspie,0,5.134505
aspis,0,3.939096
aspro,0,4.846052
assai,0,3.530127
assam,0,3.309546
assay,1,3.437651
asses,0,3.727092
asset,1,4.774678
assez,0,3.784457
assot,0,4.446310
aster,0,5.527285
astir,0,5.291689
astun,0,4.835199
asura,0,4.316800
asway,0,3.664153
aswim,0,4.142900
asyla,0,4.093543
ataps,0,4.212809
ataxy,0,3.549303
atigi,0,4.018821
atilt,0,4.703499
atimy,0,4.665196
atlas,0,4.463087
atman,0,4.175862
atmas,0,4.091283
atmos,0,4.720643
atocs,0,4.972266
atoke,0,5.053173
atoks,0,4.604934
atoll,1,4.601323
atoms,0,4.760682
atomy,0,4.665171
atone,1,5.557518
atony,0,5.014844
atopy,0,4.713990
atria,0,4.640004
atrip,0,5.074675
attap,0,3.579509
attar,0,4.086426
attic,1,4.221288
atuas,0,4.304430
audad,0,3.354207
audio,1,4.589642
audit,1,4.881950
auger,0,5.125239
aught,0,4.461784
augur,1,4.042412
aulas,0,4.359327
aulic,0,4.759652
auloi,0,4.788779
aulos,0,4.966297
aumil,0,4.717207
aunes,0,5.241686
aunts,0,4.960322
aunty,1,4.776120
aurae,0,4.947421
aural,0,4.601165
aurar,0,3.986666
auras,0,4.508946
aurei,0,5.306978
aures,0,5.434458
auric,0,4.906029
auris,0,5.082559
aurum,0,3.972473
autos,0,4.972576
auxin,0,4.112421
avail,1,4.077796
avale,0,4.462249
avant,0,4.126719
avast,0,4.179836
avels,0,4.777658
avens,0,4.699801
avers,0,4.865635
avert,1,5.086686
avgas,0,3.500268
avian,1,3.973623
avine,0,4.936607
avion,0,4.528679
avise,0,5.015001
aviso,0,4.535102
avize,0,4.123382
avoid,1,4.330769
avows,0,3.976082
avyze,0,3.775725
await,1,4.262093
awake,1,3.974769
award,1,4.061222
aware,1,4.664228
awarn,0,4.237003
awash,1,3.918142
awato,0,4.115321
awave,0,3.879835
aways,0,3.696306
awdls,0,4.350877
aweel,0,4.583468
aweto,0,4.868312
awful,1,3.978044
awing,0,4.255777
awmry,0,4.234263
awned,0,4.764871
awner,0,5.081687
awoke,1,4.534056
awols,0,4.681436
awork,0,4.392840
axels,0,4.560186
axial,1,3.815660
axile,0,4.834331
axils,0,4.358540
axing,0,3.922173
axiom,1,3.972617
axion,1,4.301522
axite,0,4.817531
axled,0,4.486151
axles,0,4.621865
axman,0,3.311402
axmen,0,4.278504
axoid,0,4.107741
axone,0,4.712501
axons,0,4.296346
ayahs,0,3.956383
ayaya,0,2.523757
ayelp,0,4.887112
aygre,0,5.078688
ayins,0,4.840129
ayont,0,5.075439
ayres,0,5.297061
ayrie,0,5.396720
azans,0,3.669730
azide,0,4.487436
azido,0,3.997902
azine,0,4.722850
azlon,0,4.300962
azoic,0,4.067502
azole,0,4.795267
azons,0,4.277614
azote,0,4.782618
azoth,0,4.226689
azuki,0,3.449784
azure,1,4.703830
azurn,0,4.283815
azury,0,4.084587
azygy,0,2.793515
azyme,0,4.051620
azyms,0,3.604514
baaed,0,4.412676
baals,0,4.266613
babas,0,3.272209
babel,0,4.382979
babes,0,4.234447
babka,0,2.756885
baboo,0,3.235826
babul,0,3.851096
babus,0,3.686905
bacca,0,3.203927
bacco,0,3.881614
baccy,0,3.692948
bacha,0,3.651555
bachs,0,4.274012
backs,0,4.087472
bacon,1,4.689526
baddy,0,3.543743
badge,1,4.691324
badly,1,4.455080
baels,0,5.127639
baffs,0,3.378813
baffy,0,3.239999
bafts,0,4.351840
bagel,1,4.943592
baggy,1,3.437078
baghs,0,4.137796
bagie,0,4.962312
bahts,0,4.523482
bahus,0,4.268989
bahut,0,4.487550
bails,0,4.944559
bairn,0,5.098444
baisa,0,4.285574
baith,0,4.819541
baits,0,4.948526
baiza,0,3.397498
baize,0,4.518262
bajan,0,3.359704
bajra,0,3.459742
bajri,0,4.039208
bajus,0,3.715580
baked,0,4.441128
baken,0,4.639370
baker,1,4.798637
bakes,0,4.585602
bakra,0,3.803458
balas,0,4.198655
balds,0,4.548384
baldy,0,4.399740
baled,0,5.030563
baler,1,5.332347
bales,0,5.168771
balks,0,4.329433
balky,0,4.156859
balls,0,4.135834
bally,0,3.963490
balms,0,4.477289
balmy,1,4.325817
baloo,0,4.171818
balsa,0,4.229766
balti,0,4.843904
balun,0,4.684086
balus,0,4.622885
bambi,0,3.470691
banak,0,3.759190
banal,1,4.281710
banco,0,4.666279
bancs,0,4.631015
banda,0,3.894196
bandh,0,4.388710
bands,0,4.498536
bandy,0,4.360850
baned,0,4.979532
banes,0,5.111118
bangs,0,4.406219
bania,0,4.169220
banjo,1,3.910449
banks,0,4.267336
banns,0,4.021513
bants,0,4.826359
bantu,0,4.604378
banty,0,4.664125
banya,0,3.821418
bapus,0,4.293545
barbe,0,4.563400
barbs,0,4.068530
barby,0,3.907294
barca,0,4.232325
barde,0,5.205891
bardo,0,4.775583
bards,0,4.708117
bardy,0,4.561550
bared,0,5.161127
barer,0,4.698077
bares,0,5.297109
barfi,0,4.426964
barfs,0,4.478648
barge,1,5.114867
baric,0,4.834576
barks,0,4.482758
barky,0,4.307589
barms,0,4.638025
barmy,0,4.487129
barns,0,4.966637
barny,0,4.815145
baron,1,5.048480
barps,0,4.679483
barra,0,3.711889
barre,0,4.827673
barro,0,4.390332
barry,0,4.181017
barye,0,5.108413
basal,1,4.266957
basan,0,4.203565
based,0,4.936065
basen,0,5.149361
baser,0,5.300562
bases,0,4.361719
basho,0,4.490754
basic,1,4.602855
basij,0,3.983781
basil,1,4.928584
basin,1,4.829620
basis,1,4.039520
basks,0,3.520018
bason,0,4.833064
basse,0,4.551555
bassi,0,3.989221
basso,0,4.083374
bassy,0,3.892903
basta,0,4.180717
baste,1,5.303655
basti,0,4.755108
basto,0,4.853873
basts,0,4.074609
batch,1,4.529176
bated,0,5.039705
bates,0,5.174062
bathe,1,5.049162
baths,0,4.522746
batik,0,4.473225
baton,1,4.922849
batta,0,3.530382
batts,0,4.145574
battu,0,3.940305
batty,1,3.995541
bauds,0,4.385480
bauks,0,4.151701
baulk,0,4.322512
baurs,0,4.812543
bavin,0,4.284020
bawds,0,3.997745
bawdy,1,3.844992
bawks,0,3.771294
bawls,0,4.334671
bawns,0,4.272829
bawrs,0,4.442355
bawty,0,4.172723
bayed,0,4.678347
bayer,0,5.036375
bayes,0,4.829768
bayle,0,5.032394
bayou,1,4.305385
bayts,0,4.575302
bazar,0,3.636821
bazoo,0,3.292394
beach,1,4.794573
beads,0,4.841259
beady,1,4.652694
beaks,0,4.597082
beaky,0,4.383660
beals,0,5.188257
beams,0,4.767539
beamy,0,4.584028
beano,0,5.088832
beans,0,5.101585
beany,0,4.911987
beard,1,5.145928
beare,0,5.002695
bears,0,5.264191
beast,1,5.371545
beath,0,5.020513
beats,0,5.181435
beaty,0,4.978311
beaus,0,4.873912
beaut,0,5.115180
beaux,0,4.137883
bebop,0,3.717908
becap,0,4.622601
becke,0,3.847074
becks,0,4.092576
bedad,0,4.048098
bedel,0,4.355459
bedes,0,4.174907
bedew,0,3.750500
bedim,0,4.324719
bedye,0,3.966686
beech,1,4.030145
beedi,0,4.044199
beefs,0,3.828711
beefy,1,3.655853
beeps,0,4.036599
beers,0,4.506816
beery,0,4.334188
beets,0,4.400926
befit,1,4.567297
befog,0,4.053279
begad,0,4.544524
began,1,4.731812
begar,0,4.975679
begat,1,4.895145
begem,0,3.826305
beget,1,4.318610
begin,1,4.541807
begot,0,4.711732
begum,0,3.996548
begun,1,4.325947
beige,0,4.300616
beigy,0,4.398911
being,1,4.550618
beins,0,4.884870
bekah,0,4.329988
belah,0,4.909307
belar,0,5.303444
belay,0,4.868377
belch,1,4.530849
belee,0,3.834313
belga,0,4.689790
belie,1,4.638321
belle,1,3.915898
bells,0,4.170115
belly,1,3.957180
belon,0,4.904494
below,1,4.413398
belts,0,4.914647
bemad,0,4.539393
bemas,0,4.687873
bemix,0,3.732642
bemud,0,4.145481
bench,1,4.461756
bends,0,4.514522
bendy,0,4.327807
benes,0,4.413252
benet,0,4.642876
benga,0,4.610267
benis,0,4.823016
benne,0,3.780486
benni,0,4.002282
benny,0,3.835681
bento,0,4.893428
bents,0,4.848354
benty,0,4.640622
bepat,0,4.966736
beray,0,5.027979
beres,0,4.608704
beret,1,4.841070
bergs,0,4.635125
berko,0,4.542604
berks,0,4.493570
berme,0,4.388365
berms,0,4.650444
berob,0,4.198278
berry,1,4.164365
berth,1,4.904541
beryl,0,4.760097
besat,0,5.224855
besaw,0,4.560120
besee,0,3.756885
beses,0,3.666353
beset,1,4.620244
besit,0,5.040339
besom,0,4.530867
besot,0,5.033832
besti,0,4.816282
bests,0,4.099392
betas,0,5.067673
beted,0,4.342134
betel,1,4.630079
betes,0,4.470316
beths,0,4.543171
betid,0,4.746868
beton,0,4.929931
betta,0,4.375337
betty,0,3.980923
bevel,1,3.980560
bever,0,4.036897
bevor,0,4.513795
bevue,0,3.764236
bevvy,0,3.114262
bewet,0,4.140822
bewig,0,4.030266
bezel,1,3.748713
bezes,0,3.579254
bezil,0,4.167048
bezzy,0,2.816103
bhais,0,4.583203
bhaji,0,3.633086
bhang,0,4.227990
bhats,0,4.618055
bhels,0,4.602215
bhoot,0,3.931605
bhuna,0,4.299685
bhuts,0,4.219849
biach,0,4.549791
biali,0,4.130032
bialy,0,4.770591
bibbs,0,2.712512
bibes,0,4.046233
bible,1,4.252308
biccy,0,3.472593
bicep,1,4.541044
bices,0,4.754936
biddy,1,3.328443
bided,0,3.963066
bider,0,4.905833
bides,0,4.691080
bidet,0,4.929764
bidis,0,3.562223
bidon,0,4.420417
bield,0,4.768102
biers,0,5.010086
biffo,0,3.203333
biffs,0,3.156639
biffy,0,3.021313
bifid,0,3.169212
bigae,0,4.878587
biggs,0,3.349520
biggy,0,3.206711
bigha,0,4.063355
bight,0,4.106067
bigly,0,4.153941
bigos,0,4.266401
bigot,1,4.481548
bijou,0,3.520933
biked,0,4.253231
biker,0,4.607480
bikes,0,4.404215
bikie,0,3.777828
bilbo,0,3.733647
bilby,0,3.547557
biled,0,4.845606
biles,0,4.992275
bilge,1,4.766142
bilgy,0,4.132344
bilks,0,4.123365
bills,0,3.934649
billy,1,3.766536
bimah,0,4.295097
bimas,0,4.413873
bimbo,0,3.347959
binal,0,4.857367
bindi,0,3.481299
binds,0,4.258389
biner,0,5.095561
bines,0,4.904207
binge,1,4.657029
bingo,1,4.211780
bings,0,4.165266
bingy,0,4.030121
binit,0,4.009244
binks,0,4.026970
bints,0,4.598116
biogs,0,4.320508
biome,1,4.764337
biont,0,4.893065
biota,0,4.853920
biped,0,4.500781
bipod,0,4.185063
birch,1,4.463629
birds,0,4.488083
birks,0,4.259568
birle,0,5.294497
birls,0,4.791289
biros,0,4.806258
birrs,0,4.115650
birse,0,5.294300
birsy,0,4.652716
birth,1,4.684272
bises,0,4.179251
bisks,0,3.302893
bisom,0,4.304148
bison,1,4.633581
bitch,0,4.304994
biter,0,5.196380
bites,0,4.989928
bitos,0,4.665345
bitou,0,4.458866
bitsy,0,4.520289
bitte,0,4.437818
bitts,0,3.943032
bitty,1,3.790195
bivia,0,3.372412
bivvy,0,2.913190
bizes,0,4.099368
bizzo,0,2.801320
bizzy,0,2.617031
blabs,0,3.954496
black,1,4.315485
blade,1,5.114478
blads,0,4.600015
blady,0,4.473823
blaer,0,5.402170
blaes,0,5.230340
blaff,0,3.537249
blags,0,4.522366
blahs,0,4.558412
blain,0,4.937576
blame,1,5.020466
blams,0,4.512382
bland,1,4.716058
blank,1,4.440183
blare,1,5.489099
blart,0,5.218485
blase,0,5.394758
blash,0,4.757145
blast,1,5.120171
blate,0,5.422839
blats,0,4.929907
blatt,0,4.393783
blaud,0,4.558153
blawn,0,4.361215
blaws,0,4.324730
blays,0,4.557416
blaze,1,4.527923
bleak,1,4.596921
blear,0,5.278904
bleat,1,5.233089
blebs,0,3.937857
blech,0,4.534685
bleed,1,4.342489
bleep,1,4.282624
blees,0,4.495665
blend,1,4.668201
blent,0,5.009933
blert,0,5.189027
bless,1,4.136844
blest,0,5.089319
blets,0,4.901388
bleys,0,4.508802
blimp,1,4.092809
blimy,0,4.197916
blind,1,4.488836
bling,0,4.304247
blini,0,3.841757
blink,1,4.224258
blins,0,4.628554
bliny,0,4.496083
blips,0,4.377418
bliss,1,3.976641
blist,0,4.935921
blite,0,5.238019
blits,0,4.756614
blitz,1,3.983372
blive,0,4.563975
bloat,1,5.097079
blobs,0,3.771470
block,1,4.124858
blocs,0,4.552098
blogs,0,4.332172
bloke,1,4.639542
blond,1,4.527142
blood,1,3.882961
blook,0,3.603519
bloom,1,3.722051
bloop,0,3.784792
blore,0,5.283795
blots,0,4.752213
blown,1,4.170526
blows,0,4.135368
blowy,0,4.003784
blubs,0,3.546800
blude,0,4.698101
bluds,0,4.195523
bludy,0,4.058460
blued,0,4.701123
bluer,1,5.005130
blues,0,4.839021
bluet,0,5.054071
bluey,0,4.664667
bluff,1,3.127835
bluid,0,4.374479
blume,0,4.590940
blunk,0,4.015694
blunt,1,4.621624
blurb,1,3.766175
blurs,0,4.577823
blurt,1,4.804580
blush,1,4.362679
blype,0,4.469173
boabs,0,3.966317
boaks,0,4.384935
board,1,4.935595
boars,0,5.033151
boart,0,5.294785
boast,1,5.138767
boats,0,4.958933
bobac,0,3.774406
bobak,0,3.502507
bobas,0,3.903622
bobby,1,2.607677
bobol,0,3.188555
bobos,0,3.018859
bocca,0,3.822315
bocce,0,4.167686
bocci,0,3.623925
boche,0,4.609397
bocks,0,3.911655
boded,0,3.994566
bodes,0,4.707929
bodge,0,4.503436
bodhi,0,4.036898
bodle,0,4.937759
boeps,0,4.559242
boets,0,4.932866
boeuf,0,4.272785
boffo,0,2.568636
boffs,0,3.210154
bogan,0,4.504307
bogey,0,4.453439
boggy,0,3.267908
bogie,0,4.779285
bogle,0,4.835271
bogue,0,4.562838
bogus,0,4.085980
bohea,0,4.776463
bohos,0,3.609434
boils,0,4.786659
boing,0,4.356949
boink,0,4.273541
boite,0,5.246126
boked,0,4.273312
bokeh,0,4.277724
bokes,0,4.414055
bokos,0,3.392587
bolar,0,5.113440
bolas,0,4.837533
bolds,0,4.396471
boles,0,5.009894
bolix,0,3.939733
bolls,0,3.981090
bolos,0,3.963127
bolts,0,4.735711
bolus,0,4.484123
bomas,0,4.457322
bombe,0,3.841919
bombo,0,2.703342
bombs,0,3.349463
bonce,0,4.960676
bonds,0,4.331138
boned,0,4.813661
boner,0,5.129140
bones,0,4.941391
boney,1,4.755548
bongo,1,3.596869
bongs,0,4.236305
bonie,0,5.107520
bonks,0,4.095312
bonne,0,4.317607
bonny,0,3.691803
bonus,1,4.420430
bonza,0,3.903440
bonze,0,4.240761
booai,0,4.027806
booay,0,3.997307
boobs,0,3.043830
booby,1,2.894890
boody,0,3.556868
booed,0,4.168695
boofy,0,3.320870
boogy,0,3.484217
boohs,0,3.671791
books,0,3.464872
booky,0,3.298855
bools,0,4.036047
booms,0,3.603153
boomy,0,3.469039
boong,0,3.636627
boons,0,3.948855
boord,0,4.016669
boors,0,4.129827
boose,0,4.450276
boost,1,4.221612
booth,1,3.905698
boots,0,4.037804
booty,1,3.876552
booze,1,3.569233
boozy,1,2.965025
boppy,0,3.312664
borak,0,4.596324
boral,0,5.086578
boras,0,4.989933
borax,1,4.239343
borde,0,5.019931
bords,0,4.542737
bored,0,5.000291
boree,0,4.818739
borel,0,5.247127
borer,0,4.528831
bores,0,5.126843
borgo,0,3.828990
boric,0,4.683273
borks,0,4.312697
borms,0,4.458774
borna,0,4.955893
borne,1,5.250011
boron,0,4.148917
borts,0,4.879530
borty,0,4.710750
bortz,0,4.113757
bosie,0,5.076603
bosks,0,3.358981
bosky,0,3.923377
bosom,1,3.613464
boson,0,3.951737
bossy,1,3.726540
bosun,0,4.482599
botas,0,4.855608
botch,1,4.351300
botel,0,5.165372
botes,0,5.003511
bothy,0,4.228924
botte,0,4.480543
botts,0,3.994891
botty,0,3.833669
bouge,0,4.607757
bough,1,4.035472
bouks,0,3.992284
boule,1,5.028534
boult,0,4.785734
bound,1,4.333801
bouns,0,4.466619
bourd,0,4.551041
bourg,0,4.411947
bourn,0,4.722394
bouse,0,4.982691
bousy,0,4.383539
bouts,0,4.568097
bovid,0,3.937707
bowat,0,4.502468
bowed,0,4.290337
bowel,1,4.583690
bower,0,4.637056
bowes,0,4.428817
bowet,0,4.662550
bowie,0,4.584863
bowls,0,4.159048
bowne,0,4.542424
bowrs,0,4.264761
bowse,0,4.600804
boxed,0,3.987484
boxen,0,4.163947
boxer,1,4.328511
boxes,0,4.119818
boxla,0,4.001659
boxty,0,3.683240
boyar,0,4.846935
boyau,0,4.300188
boyed,0,4.513493
boyfs,0,3.860722
boygs,0,4.023282
boyla,0,4.566942
boyos,0,3.669999
boysy,0,3.607501
bozos,0,3.077980
braai,0,4.355267
brace,1,5.390863
brach,0,4.712826
brack,0,4.467719
bract,0,5.127642
brads,0,4.740070
braes,0,5.343578
brags,0,4.658039
braid,1,4.905736
brail,0,5.150113
brain,1,5.094657
brake,1,4.993006
braks,0,4.505402
braky,0,4.370182
brame,0,5.160300
brand,1,4.864556
brane,0,5.476892
brank,0,4.589798
brans,0,4.975905
brant,0,5.220248
brash,1,4.877786
brass,1,4.279706
brast,0,5.254650
brats,0,5.077485
brava,0,3.801523
brave,1,4.895271
bravi,0,4.379145
bravo,1,4.471356
brawl,1,4.591608
brawn,1,4.529886
braws,0,4.471469
braxy,0,4.043633
brays,0,4.695697
braza,0,3.546502
braze,0,4.665237
bread,1,5.049388
break,1,4.774535
bream,0,4.918389
brede,0,4.468048
breds,0,4.715186
breed,1,4.463826
breem,0,4.349123
breer,0,4.011709
brees,0,4.607292
breid,0,4.895317
breis,0,5.033997
breme,0,4.373810
brens,0,4.951688
brent,0,5.178099
brere,0,4.066679
brers,0,4.331493
breve,0,4.113662
brews,0,4.446349
breys,0,4.645366
briar,1,4.495977
bribe,1,4.401167
brick,1,4.269363
bride,1,5.035890
brief,1,4.762059
brier,0,4.580011
bries,0,5.169377
brigs,0,4.464325
briki,0,3.532189
briks,0,4.308422
brill,0,4.257238
brims,0,4.455354
brine,1,5.255865
bring,1,4.450277
brink,1,4.372261
brins,0,4.759371
briny,1,4.640729
brios,0,4.866616
brise,0,5.315394
brisk,1,4.427370
briss,0,4.088211
brith,0,4.754275
brits,0,4.892277
britt,0,4.359021
brize,0,4.465451
broad,1,4.896709
broch,0,4.536968
brock,0,4.279539
brods,0,4.556565
brogh,0,4.371217
brogs,0,4.470089
broil,1,4.987192
broke,1,4.778217
brome,0,4.928946
bromo,0,3.823222
bronc,0,4.686476
brond,0,4.672670
brood,1,4.030324
brook,1,3.753777
brool,0,4.268831
broom,1,3.870745
broos,0,4.134537
brose,0,5.276343
brosy,0,4.711713
broth,1,4.770547
brown,1,4.327141
brows,0,4.276139
brugh,0,4.137480
bruin,0,4.697974
bruit,0,4.889995
brule,0,5.119308
brume,0,4.731131
brung,0,4.243383
brunt,1,4.787760
brush,1,4.490146
brusk,0,4.226896
brust,0,4.856214
brute,1,5.148739
bruts,0,4.668987
buats,0,4.712796
buaze,0,4.272950
bubal,0,3.803677
bubas,0,3.666270
bubba,0,2.665464
bubbe,0,3.011292
bubby,0,2.355335
bubus,0,2.606630
buchu,0,3.019672
bucko,0,3.747597
bucks,0,3.672608
bucku,0,2.827671
budas,0,4.312212
buddy,1,3.126692
budge,1,4.271751
budis,0,4.172594
budos,0,4.183272
buffa,0,3.126095
buffe,0,3.466568
buffi,0,2.926654
buffo,0,3.034294
buffs,0,2.961903
buffy,0,2.813968
bufos,0,3.932275
bufty,0,3.769046
buggy,1,3.014192
bugle,1,4.594961
buhls,0,4.126494
buhrs,0,4.224710
buiks,0,3.980210
build,1,4.426847
built,1,4.774270
buist,0,4.750800
bukes,0,4.210286
bulbs,0,3.502002
bulge,1,4.567615
bulgy,0,3.926650
bulks,0,3.920912
bulky,1,3.745834
bulla,0,3.886448
bulls,0,3.734023
bully,1,3.559038
bulse,0,4.962271
bumbo,0,3.160108
bumfs,0,3.512427
bumph,0,3.578205
bumps,0,3.701146
bumpy,0,3.554573
bunas,0,4.540856
bunce,0,4.722295
bunch,1,4.051860
bunco,0,4.283467
bunde,0,4.589934
bundh,0,3.967602
bunds,0,4.076749
bundt,0,4.301905
bundu,0,3.250899
bundy,0,3.938308
bungs,0,3.977722
bungy,0,3.844785
bunia,0,4.498744
bunje,0,3.967820
bunjy,0,3.311178
bunko,0,3.907654
bunks,0,3.840866
bunns,0,3.589859
bunny,1,3.440731
bunts,0,4.401738
bunty,0,4.235513
bunya,0,4.182177
buoys,0,4.181011
buppy,0,3.058430
buran,0,4.795768
buras,0,4.746117
burbs,0,3.644958
burds,0,4.291354
buret,0,5.135245
burfi,0,4.029973
burgh,0,4.094621
burgs,0,4.205114
burin,0,4.651081
burka,0,4.226261
burke,0,4.546048
burks,0,4.060822
burls,0,4.585681
burly,1,4.421742
burns,0,4.533907
burnt,1,4.761053
buroo,0,3.971038
burps,0,4.254123
burqa,0,3.808315
burro,0,4.004415
burrs,0,3.916405
burry,0,3.762504
bursa,0,4.764520
burse,0,5.084164
burst,1,4.820459
busby,0,3.263787
bused,1,4.551494
buses,0,3.968534
bushy,1,3.885149
busks,0,3.103352
busky,0,3.669522
bussu,0,2.787534
busti,0,4.367036
busts,0,3.655185
busty,0,4.222969
butch,1,4.115878
buteo,0,4.834628
butes,0,4.785470
butle,0,4.985089
butoh,0,4.354485
butte,1,4.231627
butts,0,3.738369
butty,0,3.573535
butut,0,3.035057
butyl,0,4.251589
buxom,1,3.301326
buyer,1,4.651885
buzzy,0,2.411403
bwana,0,3.637390
bwazi,0,3.364649
byded,0,3.564321
bydes,0,4.306111
byked,0,3.859845
bykes,0,4.022163
bylaw,1,4.004943
byres,0,4.732033
byrls,0,4.405096
byssi,0,3.446445
bytes,0,4.598104
byway,0,3.107534
caaed,0,4.685594
cabal,1,4.192559
cabas,0,4.046686
cabby,1,3.606107
caber,0,5.226982
cabin,1,4.757603
cable,1,5.255436
cabob,0,3.867454
caboc,0,3.929160
cabre,0,5.350789
cacao,1,3.646798
cacas,0,3.604598
cache,1,4.405608
cacks,0,3.701842
cacky,0,3.530503
cacti,1,4.245633
caddy,1,3.803279
cadee,0,4.838408
cades,0,5.131555
cadet,1,5.364416
cadge,0,4.947608
cadgy,0,4.305192
cadie,0,5.318191
cadis,0,4.824672
cadre,0,5.487134
caeca,0,3.890144
caese,0,5.080872
cafes,0,4.893277
caffs,0,3.651354
caged,0,4.909898
cager,0,5.255449
cages,0,5.039711
cagey,1,4.861156
cagot,0,4.957252
cahow,0,4.294990
caids,0,4.877052
cains,0,5.124268
caird,0,5.192720
cairn,1,5.367931
cajon,0,4.273415
cajun,0,4.069792
caked,0,4.698009
cakes,0,4.836504
cakey,0,4.651464
calfs,0,4.588024
calid,0,4.976507
calif,0,4.709143
calix,0,4.367329
calks,0,4.588214
calla,0,3.778921
calls,0,4.413320
calms,0,4.755119
calmy,0,4.597240
calos,0,5.117292
calpa,0,4.177269
calps,0,4.804587
calve,0,4.992545
calyx,0,4.011386
caman,0,4.165149
camas,0,4.104004
camel,1,5.213769
cameo,1,5.066894
cames,0,5.053657
camis,0,4.745038
camos,0,4.744596
campi,0,4.366215
campo,0,4.449668
camps,0,4.412718
campy,0,4.266410
camus,0,4.521425
canal,1,4.548127
candy,1,4.604976
caned,0,5.233346
caneh,0,5.216229
caner,0,5.557335
canes,0,5.368519
cangs,0,4.663279
canid,0,4.912116
canna,0,3.656678
canns,0,4.289546
canny,1,4.126216
canoe,1,5.516656
canon,1,4.370518
canso,0,5.090957
canst,0,5.262863
canto,0,5.123782
cants,0,5.085064
canty,0,4.909719
capas,0,4.168711
caped,0,4.971737
caper,1,5.331900
capes,0,5.111989
capex,0,4.370426
caphs,0,4.459263
capiz,0,4.038274
caple,0,5.360082
capon,0,4.858496
capos,0,4.803859
capot,0,5.027655
capri,0,4.906078
capul,0,4.744121
caput,1,4.804078
carap,0,4.430668
carat,1,4.858180
carbo,0,4.872060
carbs,0,4.820604
carby,0,4.664976
cardi,0,4.935737
cards,0,4.973322
cardy,0,4.813775
cared,0,5.427271
carer,0,4.961953
cares,0,5.559540
caret,0,5.776713
carex,0,4.817677
cargo,1,4.945753
carks,0,4.741105
carle,0,5.770479
carls,0,5.267944
carns,0,5.241284
carny,0,5.077183
carob,0,4.934282
carol,1,5.391532
carom,0,5.008494
caron,0,5.322647
carpi,0,4.905239
carps,0,4.960561
carrs,0,4.606843
carry,1,4.437576
carse,0,5.765364
carta,0,4.685280
carte,0,5.794557
carts,0,5.309473
carve,1,5.132240
carvy,0,4.493304
casas,0,3.676408
casco,0,4.256422
cased,0,5.202006
cases,0,4.629518
casks,0,3.781998
casky,0,4.338329
caste,1,5.570507
casts,0,4.344742
casus,0,4.088096
catch,1,4.111948
cater,1,5.646715
cates,0,5.431160
catty,1,4.249558
cauda,0,4.045740
cauks,0,4.401487
cauld,0,4.851630
caulk,1,4.575915
cauls,0,4.986435
caums,0,4.572233
caups,0,4.624400
cauri,0,5.000910
causa,0,4.325087
cause,1,5.410600
cavas,0,3.865833
caved,0,4.649680
cavel,0,4.937152
caver,0,5.000994
caves,0,4.791120
cavie,0,4.951389
cavil,1,4.639336
cawed,0,4.727993
cawks,0,4.028815
caxon,0,4.309692
cease,1,5.104751
ceaze,0,4.254907
cebid,0,4.564029
cecal,0,4.591213
cecum,0,3.781264
cedar,1,5.335038
ceded,0,3.723300
ceder,0,4.656079
cedes,0,4.428202
cedis,0,4.839763
ceiba,0,4.912417
ceili,0,4.471508
ceils,0,5.257477
celeb,0,4.390806
cella,0,4.622212
celli,0,4.407176
cello,1,4.476494
cells,0,4.430576
celom,0,4.859301
celts,0,5.163408
cense,0,4.808380
cento,0,5.146441
cents,0,5.096811
centu,0,4.918752
ceorl,0,5.469774
cepes,0,4.405350
cerci,0,4.423829
cered,0,4.734999
ceres,0,4.866824
cerge,0,4.639587
ceria,0,5.438555
ceric,0,4.487240
cerne,0,4.984736
ceroc,0,4.521994
ceros,0,5.279155
certs,0,5.309190
certy,0,5.097484
cesse,0,4.074809
cesta,0,5.295943
cesti,0,5.065045
cetes,0,4.723169
cetyl,0,4.890618
cezve,0,3.355303
chace,0,4.470146
chack,0,3.532005
chaco,0,4.030913
chado,0,4.607709
chads,0,4.523459
chafe,1,4.805135
chaff,1,3.494536
chaft,0,4.534376
chain,1,4.899191
chair,1,5.136705
chais,0,4.822224
chalk,1,4.455941
chals,0,4.860334
champ,1,4.242602
chams,0,4.454105
chana,0,4.191765
chang,0,4.474082
chank,0,4.363395
chant,1,5.015471
chaos,1,4.818929
chape,0,5.009724
chaps,0,4.499021
chapt,0,4.737355
chara,0,4.362328
chard,1,4.846713
chare,0,5.460495
chark,0,4.559378
charm,1,4.718593
charr,0,4.459410
chars,0,4.945910
chart,1,5.202158
chary,0,4.832040
chase,1,5.283522
chasm,1,4.548438
chats,0,4.841536
chave,0,4.686872
chavs,0,4.210778
chawk,0,3.846304
chaws,0,4.258547
chaya,0,3.887335
chays,0,4.493482
cheap,1,4.767360
cheat,1,5.180959
check,1,3.469033
cheek,1,3.977227
cheep,0,4.206749
cheer,1,4.628135
chefs,0,4.249883
cheka,0,4.446418
chela,0,5.045082
chelp,0,4.639872
chemo,0,4.490482
chems,0,4.416564
chere,0,4.700757
chert,0,5.149933
chess,1,4.029358
chest,1,4.959560
cheth,0,4.044957
chevy,0,4.009988
chews,0,4.219628
chewy,0,4.072806
chiao,0,4.803473
chias,0,4.798324
chibs,0,4.172247
chica,0,3.948141
chich,0,3.005673
chick,1,3.328464
chico,0,3.836132
chics,0,3.774614
chide,1,4.837533
chief,1,4.571186
chiel,0,5.143086
chiks,0,4.080425
child,1,4.551056
chile,0,5.186282
chili,1,3.897003
chill,1,4.094650
chimb,0,3.906442
chime,1,4.759575
chimo,0,4.317963
chimp,0,4.044755
china,1,4.760523
chine,0,5.072251
ching,0,4.249742
chink,0,4.147673
chino,0,4.643802
chins,0,4.577288
chips,0,4.304279
chirk,0,4.356605
chirl,0,4.893242
chirm,0,4.521503
chiro,0,4.835409
chirp,1,4.584494
chirr,0,4.266357
chirt,0,4.997638
chiru,0,4.600535
chits,0,4.653586
chive,0,4.488937
chivs,0,4.007997
chivy,0,3.885115
chizz,0,2.902705
chock,1,3.350895
choco,0,3.163896
chocs,0,3.790465
chode,0,4.833445
chogs,0,4.256361
choil,0,4.834555
choir,1,4.972162
choke,1,4.559755
choko,0,3.465905
choky,0,3.958699
chola,0,4.866323
choli,0,4.657511
cholo,0,4.053588
chomp,0,4.057807
chons,0,4.612911
choof,0,3.541705
chook,0,3.523887
choom,0,3.689379
choon,0,4.016360
chops,0,4.306613
chord,1,4.676257
chore,1,5.262738
chose,1,5.084959
chota,0,4.856846
chott,0,4.141771
chout,0,4.677479
choux,0,3.721843
chowk,0,3.661798
chows,0,4.066368
chubs,0,3.952846
chuck,1,3.127457
chufa,0,4.076863
chuff,0,3.078370
chugs,0,4.029464
chump,1,3.827489
chums,0,4.039237
chunk,1,3.944158
churl,0,4.689723
churn,1,4.627823
churr,0,4.056777
chuse,0,4.889687
chute,1,4.925780
chuts,0,4.431626
chyle,0,4.749934
chyme,0,4.351623
chynd,0,4.092102
cibol,0,4.659421
cided,0,4.220613
cider,1,5.155317
cides,0,4.937962
ciels,0,5.191663
cigar,1,4.981796
ciggy,0,3.458561
cilia,0,4.269585
cills,0,4.202775
cimar,0,5.000974
cimex,0,4.106147
cinch,1,3.807686
cinct,0,4.186373
cines,0,5.154077
cinqs,0,3.920990
cions,0,4.932304
cippi,0,2.887151
circa,1,4.374971
circs,0,4.207328
cires,0,5.368774
cirls,0,5.053687
cirri,0,3.600875
cisco,0,4.037680
cissy,0,3.939458
cists,0,4.122945
cital,0,5.185667
cited,0,5.088441
citer,0,5.442215
cites,0,5.235986
cives,0,4.583346
civet,0,4.797923
civic,1,2.677865
civie,0,3.967457
civil,1,3.657461
civvy,0,3.172566
clach,0,4.145690
clack,1,3.896944
clade,0,5.381490
clads,0,4.862640
claes,0,5.496876
clags,0,4.782455
claim,1,4.898388
clame,0,5.298741
clamp,1,4.567863
clams,0,4.790340
clang,1,4.791461
clank,1,4.684995
clans,0,5.112813
claps,0,4.843510
clapt,0,5.066135
claro,0,5.324382
clart,0,5.482731
clary,0,5.124522
clash,1,4.978794
clasp,1,4.953652
class,1,4.418748
clast,0,5.371539
clats,0,5.195610
claut,0,5.170085
clave,0,5.034267
clavi,0,4.501559
claws,0,4.602046
clays,0,4.827126
clean,1,5.341881
clear,1,5.548955
cleat,1,5.489950
cleck,0,3.838993
cleek,0,4.314377
cleep,0,4.548007
clefs,0,4.595013
cleft,1,4.799950
clegs,0,4.751738
cleik,0,4.726908
clems,0,4.764536
clepe,0,4.589780
clept,0,5.009413
clerk,1,4.797278
cleve,0,4.262843
clews,0,4.578474
click,1,3.693613
clied,0,5.175529
clies,0,5.326987
cliff,1,3.613463
clift,0,4.649633
climb,1,4.237397
clime,0,5.099864
cline,0,5.387473
cling,1,4.559610
clink,1,4.462447
clint,0,5.096727
clipe,0,5.164774
clips,0,4.654215
clipt,0,4.869388
clits,0,5.015931
cloak,1,4.714669
cloam,0,4.873794
clock,1,3.698666
clods,0,4.669892
cloff,0,3.626290
clogs,0,4.583702
cloke,0,4.892438
clomb,0,4.245602
clomp,0,4.374799
clone,1,5.385966
clonk,0,4.490859
clons,0,4.924004
cloop,0,4.059411
cloot,0,4.494726
clops,0,4.645867
close,1,5.429751
clote,0,5.470648
cloth,1,4.833258
clots,0,5.005896
cloud,1,4.657604
clour,0,5.049754
clous,0,4.770933
clout,1,4.997774
clove,1,4.807231
clown,1,4.447607
clows,0,4.401226
cloye,0,5.061857
cloys,0,4.641589
cloze,0,4.584329
clubs,0,4.289805
cluck,1,3.478325
clued,1,4.954344
clues,0,5.093539
cluey,0,4.909150
clump,1,4.149074
clung,1,4.348708
clunk,0,4.251102
clype,0,4.734248
cnida,0,4.711960
coach,1,4.167335
coact,0,4.576253
coady,0,4.741822
coala,0,4.604473
coals,0,5.220553
coaly,0,5.072895
coapt,0,5.091632
coarb,0,4.989493
coast,1,5.383205
coate,0,5.674410
coati,0,5.131558
coats,0,5.216773
cobbs,0,3.575099
cobby,0,3.436585
cobia,0,4.627445
coble,0,5.058445
cobra,1,4.845522
cobza,0,3.805494
cocas,0,4.228026
cocci,0,3.102657
cocco,0,2.520864
cocks,0,3.523996
cocky,0,3.358459
cocoa,1,3.513241
cocos,0,3.360459
codas,0,4.817885
codec,0,4.214387
coded,0,4.255322
coden,0,5.032759
coder,0,5.177873
codes,0,4.959483
codex,0,4.230380
codon,0,4.013879
coeds,0,4.853918
coffs,0,3.476347
cogie,0,5.035498
cogon,0,3.901577
cogue,0,4.828069
cohab,0,4.375423
cohen,0,4.951418
cohoe,0,4.347330
cohog,0,3.592241
cohos,0,3.865051
coifs,0,4.463670
coign,0,4.670027
coils,0,5.050707
coins,0,4.944952
coirs,0,5.140549
coits,0,5.049685
coked,0,4.523912
cokes,0,4.662004
colas,0,5.102920
colby,0,4.348043
colds,0,4.649530
coled,0,5.135756
coles,0,5.271121
coley,0,5.072046
colic,0,4.165008
colin,0,5.006563
colls,0,4.244744
colly,0,4.071061
colog,0,3.943666
colon,1,4.277348
color,1,4.486968
colts,0,4.984976
colza,0,4.242179
comae,0,5.173851
comal,0,4.866317
comas,0,4.729921
combe,0,4.604131
combi,0,4.067561
combo,0,3.470719
combs,0,4.093101
comby,0,3.963638
comer,0,5.082330
comes,0,4.875932
comet,1,5.096267
comfy,1,3.895903
comic,1,3.768509
comix,0,3.823634
comma,1,3.824924
commo,0,3.038281
comms,0,3.675366
commy,0,3.531967
compo,0,3.591140
comps,0,4.232840
compt,0,4.450220
comte,0,5.083502
comus,0,4.369989
conch,1,3.885464
condo,1,3.968449
coned,0,5.071030
cones,0,5.203110
coney,0,4.999438
confs,0,4.359982
conga,0,4.661635
conge,0,4.963739
congo,0,3.857455
conia,0,4.991349
conic,1,4.097463
conin,0,4.211429
conks,0,4.339077
conky,0,4.171152
conne,0,4.581994
conns,0,4.115315
conte,0,5.392577
conto,0,4.285513
conus,0,4.692183
convo,0,3.638034
cooch,0,3.257737
cooed,0,4.428065
cooee,0,4.244739
cooer,0,4.759878
cooey,0,4.374952
coofs,0,3.718870
cooks,0,3.713883
cooky,0,3.545680
cools,0,4.302037
cooly,0,4.150684
coomb,0,3.526977
cooms,0,3.880438
coomy,0,3.740020
coons,0,4.224945
coops,0,3.927354
coopt,0,4.158394
coost,0,4.465346
coots,0,4.297480
cooze,0,3.842194
copal,0,4.927866
copay,0,4.649310
coped,0,4.795559
copen,0,4.990627
coper,0,5.145784
copes,0,4.935886
coppy,0,3.586022
copra,0,4.951815
copse,1,5.097681
copsy,0,4.478796
coqui,0,3.759628
coral,1,5.350115
coram,0,4.993719
corbe,0,5.129159
corby,0,4.493018
cords,0,4.798296
cored,0,5.254654
corer,1,4.787377
cores,0,5.383163
corey,0,5.187497
corgi,0,4.677432
coria,0,5.196639
corks,0,4.559926
corky,0,4.387665
corms,0,4.727456
corni,0,5.025637
corno,0,4.436952
corns,0,5.059564
cornu,0,4.885810
corny,1,4.907939
corps,0,4.781145
corse,0,5.551894
corso,0,4.460023
cosec,0,4.434192
cosed,0,5.039891
coses,0,4.467357
coset,0,5.406214
cosey,0,4.993104
cosie,0,5.347567
costa,0,5.078772
coste,0,5.376098
costs,0,4.183970
cotan,0,5.181570
coted,0,5.121227
cotes,0,5.252262
coths,0,4.590782
cotta,0,4.428011
cotts,0,4.252586
couch,1,3.780782
coude,0,4.951752
cough,1,4.263781
could,1,4.704455
count,1,4.959479
coupe,1,4.925357
coups,0,4.461938
courb,0,4.594722
courd,0,4.817519
coure,0,5.398001
cours,0,4.926028
court,1,5.171293
couta,0,4.947505
couth,0,4.641580
coved,0,4.475328
coven,1,4.670657
cover,1,4.820509
coves,0,4.613962
covet,1,4.828311
covey,1,4.422803
covin,0,4.380886
cowal,0,4.670753
cowan,0,4.591236
cowed,0,4.552746
cower,1,4.899872
cowks,0,3.843928
cowls,0,4.423504
cowps,0,4.053970
cowry,0,4.383177
coxae,0,4.686155
coxal,0,4.371961
coxed,0,4.251261
coxes,0,4.387048
coxib,0,3.723606
coyau,0,4.579098
coyed,0,4.759417
coyer,0,5.118624
coyly,1,3.884417
coypu,0,4.140697
cozed,0,4.242467
cozen,0,4.436990
cozes,0,4.378254
cozey,0,4.191735
cozie,0,4.548108
craal,0,4.758382
crabs,0,4.847268
crack,1,4.042374
craft,1,5.029602
crags,0,4.918279
craic,0,4.513985
craig,0,5.029390
crake,0,5.243114
crame,0,5.433799
cramp,1,4.720058
crams,0,4.931711
crane,1,5.742782
crank,1,4.831946
crans,0,5.251794
crape,0,5.487033
craps,0,4.984489
crapy,0,4.863660
crare,0,5.103576
crash,1,5.099146
crass,1,4.542560
crate,1,5.834874
crave,1,5.164776
crawl,1,4.859664
craws,0,4.742661
crays,0,4.961126
craze,1,4.939120
crazy,1,4.309510
creak,1,5.019323
cream,1,5.190935
credo,1,5.053023
creds,0,4.966171
creed,1,4.718837
creek,1,4.435236
creel,0,4.971906
creep,1,4.663186
crees,0,4.859968
creme,1,4.644978
crems,0,4.897313
crena,0,5.430431
crepe,1,4.705876
creps,0,4.948696
crept,1,5.163077
crepy,0,4.787632
cress,1,4.507218
crest,1,5.458308
crewe,0,4.459296
crews,0,4.704708
crias,0,5.273800
cribs,0,4.643823
crick,1,3.835970
cried,1,5.290373
crier,1,4.839007
cries,0,5.428222
crime,1,5.227263
crimp,1,4.516799
crims,0,4.727210
crine,0,5.515456
crios,0,5.130332
cripe,0,5.286513
crips,0,4.782169
crise,0,5.568267
crisp,1,4.877638
crith,0,4.972826
crits,0,5.153681
croak,1,4.881540
croci,0,4.243529
crock,1,3.847406
crocs,0,4.269774
croft,0,4.832401
crogs,0,4.721292
cromb,0,4.399408
crome,0,5.206278
crone,1,5.513074
cronk,0,4.638255
crons,0,5.052071
crony,1,4.942340
crook,1,3.998211
crool,0,4.533432
croon,0,4.467736
crops,0,4.791294
crore,0,4.889550
cross,1,4.341139
crost,0,5.313357
croup,1,4.738007
crout,0,5.159410
crowd,1,4.431317
crown,1,4.598496
crows,0,4.538616
croze,0,4.716151
cruck,0,3.632134
crude,1,5.084949
crudo,0,4.704379
cruds,0,4.590748
crudy,0,4.464660
cruel,1,5.318870
crues,0,5.210962
cruet,0,5.439172
cruft,0,4.603049
crumb,1,4.168897
crump,1,4.304346
crunk,0,4.409346
cruor,0,4.415498
crura,0,4.404254
cruse,0,5.350376
crush,1,4.710621
crust,1,5.107479
crusy,0,4.743788
cruve,0,4.741627
crwth,0,4.344522
cryer,0,4.421878
crypt,1,4.622595
ctene,0,4.765222
cubby,0,3.182037
cubeb,0,3.789730
cubed,0,4.487039
cuber,0,4.837474
cubes,0,4.612338
cubic,1,3.494522
cubit,0,4.518038
cuddy,0,3.387105
cuffo,0,3.309063
cuffs,0,3.230028
cuifs,0,4.240880
cuing,0,4.364254
cuish,0,4.623814
cuits,0,4.818017
cukes,0,4.460481
culch,0,3.709808
culet,0,5.259547
culex,0,4.300602
culls,0,4.006068
cully,0,3.831492
culms,0,4.340069
culpa,0,4.556160
culti,0,4.699710
cults,0,4.737860
culty,0,4.559955
cumec,0,3.883506
cumin,1,4.383758
cundy,0,4.187478
cunei,0,4.928911
cunit,0,4.869310
cunts,0,4.661073
cupel,0,4.893263
cupid,0,4.266920
cuppa,0,3.658045
cuppy,0,3.338378
curat,0,5.250763
curbs,0,4.385139
curch,0,3.850502
curds,0,4.542681
curdy,0,4.391487
cured,0,5.040738
curer,0,4.573272
cures,0,5.171661
curet,0,5.390515
curfs,0,4.311114
curia,0,4.968763
curie,0,5.341759
curio,1,4.905779
curli,0,4.819490
curls,0,4.841520
curly,1,4.674819
curns,0,4.792832
curny,0,4.647366
currs,0,4.177285
curry,1,4.020862
curse,1,5.334817
cursi,0,4.811647
curst,0,5.067923
curve,1,4.703754
curvy,1,4.071789
cusec,0,4.206154
cushy,0,4.136561
cusks,0,3.369787
cusps,0,3.580929
cuspy,0,4.160351
cusso,0,3.977586
cusum,0,3.494436
cutch,0,3.706136
cuter,0,5.256383
cutes,0,5.041494
cutey,0,4.850370
cutie,1,5.209820
cutin,0,4.783418
cutis,0,4.732671
cutto,0,4.076982
cutty,0,3.830869
cutup,0,3.630493
cuvee,0,4.101611
cuzes,0,4.166350
cwtch,0,3.278954
cyano,0,4.825356
cyans,0,4.781503
cyber,1,4.637321
cycad,0,3.706789
cycas,0,3.853268
cycle,1,4.152642
cyclo,0,3.769857
cyder,0,4.766613
cylix,0,3.808517
cymae,0,4.794208
cymar,0,4.673921
cymas,0,4.364753
cymes,0,4.470884
cymol,0,4.357842
cynic,1,3.685899
cysts,0,3.732035
cytes,0,4.834857
cyton,0,4.630882
czars,0,4.357205
daals,0,4.415890
dabba,0,3.001434
daces,0,5.074131
dacha,0,3.799416
dacks,0,4.210913
dadah,0,3.361680
dadas,0,3.479116
daddy,1,3.025290
dados,0,4.125464
daffs,0,3.516576
daffy,0,3.380657
dagga,0,3.106107
daggy,0,3.583745
dagos,0,4.615882
dahls,0,4.659191
daiko,0,4.497145
daily,1,4.922948
daine,0,5.466859
daint,0,5.206962
dairy,1,5.025247
daisy,1,4.899737
daker,0,4.937256
daled,0,4.587573
dales,0,5.311828
dalis,0,4.988670
dalle,0,4.787412
dally,1,4.105189
dalts,0,5.013519
daman,0,4.037242
damar,0,4.289456
dames,0,4.930070
damme,0,4.230556
damns,0,4.581634
damps,0,4.276299
dampy,0,4.138412
dance,1,5.293597
dancy,0,4.621825
dandy,1,3.902992
dangs,0,4.546662
danio,0,4.908816
danks,0,4.395644
danny,0,4.013943
dants,0,4.955443
daraf,0,4.104171
darbs,0,4.686972
darcy,0,4.838535
dared,0,4.710321
darer,0,4.841151
dares,0,5.434441
darga,0,4.164392
dargs,0,4.766420
daric,0,4.973355
daris,0,5.129290
darks,0,4.613807
darky,0,4.444624
darns,0,5.111804
darre,0,4.973987
darts,0,5.174465
darzi,0,4.223317
dashi,0,4.525949
dashy,0,4.423100
datal,0,4.484688
dated,0,4.590731
dater,0,5.523483
dates,0,5.309374
datos,0,4.997547
datto,0,4.341672
datum,1,4.511010
daube,0,4.855862
daubs,0,4.352771
dauby,0,4.216304
dauds,0,3.954358
dault,0,5.078206
daunt,1,4.988596
daurs,0,4.956736
dauts,0,4.852220
daven,0,4.733240
davit,0,4.578239
dawah,0,3.670206
dawds,0,3.564968
dawed,0,4.008560
dawen,0,4.799093
dawks,0,3.902368
dawns,0,4.418471
dawts,0,4.467588
dayan,0,4.118910
daych,0,4.374255
daynt,0,4.858716
dazed,0,3.695848
dazer,0,4.647559
dazes,0,4.425492
deads,0,4.412923
deair,0,5.516908
deals,0,5.324684
dealt,1,5.554763
deans,0,5.246708
deare,0,5.147636
dearn,0,5.484031
dears,0,5.401704
deary,0,5.227506
deash,0,5.125079
death,1,5.158570
deave,0,4.357100
deaws,0,4.719959
deawy,0,4.538033
debag,0,4.499751
debar,1,5.070085
debby,0,3.464987
debel,0,4.350190
debes,0,4.166945
debit,1,4.807857
debts,0,4.607558
debud,0,3.653338
debug,1,4.108076
debur,0,4.681791
debus,0,4.358566
debut,1,4.600099
debye,0,3.962011
decad,0,4.247014
decaf,0,4.563836
decal,1,5.111868
decan,0,5.045638
decay,1,4.781940
decko,0,4.264787
decks,0,4.217013
decor,1,5.055518
decos,0,4.763165
decoy,1,4.578601
decry,1,4.730826
dedal,0,4.469477
deeds,0,3.628140
deedy,0,3.418701
deely,0,4.357106
deems,0,4.127808
deens,0,4.472311
deeps,0,4.176887
deere,0,4.099661
deers,0,4.637264
deets,0,4.529425
deeve,0,3.303421
deevs,0,3.859359
defat,0,4.884189
defer,1,4.285653
deffo,0,3.585599
defis,0,4.469811
defog,0,4.202084
degas,0,4.819135
degum,0,4.161498
degus,0,4.410340
deice,0,4.675588
deids,0,4.216019
deify,0,4.372932
deign,1,4.759889
deils,0,5.132503
deism,0,4.828170
deist,0,5.312299
deity,1,4.914951
deked,0,3.289488
dekes,0,4.014689
dekko,0,3.545169
delay,1,5.012291
deled,0,3.897515
deles,0,4.616816
delfs,0,4.484251
delft,0,4.703012
delis,0,5.027000
dells,0,4.298669
delly,0,4.092939
delos,0,5.005053
delph,0,4.548370
delta,1,5.235089
delts,0,5.040621
delve,1,4.126208
deman,0,4.880877
demes,0,4.222612
demic,0,4.465121
demit,0,4.843863
demob,0,4.276039
demoi,0,4.568409
demon,1,4.677982
demos,0,4.627346
dempt,0,4.498872
demur,1,4.722415
denar,0,5.431976
denay,0,4.959978
dench,0,4.600680
denes,0,4.549514
denet,0,4.781380
denim,1,4.679211
denis,0,4.950615
dense,1,4.711489
dents,0,4.977144
deoxy,0,4.018735
depot,1,4.901630
depth,1,4.564623
derat,0,5.572268
deray,0,5.164773
derby,1,4.525570
dered,0,4.022354
deres,0,4.744056
derig,0,4.878700
derma,0,4.988735
derms,0,4.784830
derns,0,5.109864
derny,0,4.932695
deros,0,5.153339
derro,0,4.547419
derry,0,4.289716
derth,0,5.033340
dervs,0,4.520629
desex,0,3.782707
deshi,0,4.590437
desis,0,4.219974
desks,0,3.671751
desse,0,3.966285
deter,1,4.825418
detox,1,4.260285
deuce,1,4.469593
devas,0,4.570152
devel,0,4.119693
devil,1,4.550425
devis,0,4.383183
devon,0,4.434971
devos,0,4.370056
devot,0,4.595097
dewan,0,4.702402
dewar,0,4.932281
dewax,0,3.884272
dewed,0,3.312660
dexes,0,3.728229
dexie,0,3.882776
dhaba,0,3.668008
dhaks,0,4.192407
dhals,0,4.758723
dhikr,0,4.324336
dhobi,0,4.066803
dhole,0,5.067081
dholl,0,4.006073
dhols,0,4.581058
dhoti,0,4.548126
dhows,0,3.985803
dhuti,0,4.327091
diact,0,5.087315
dials,0,5.057611
diane,0,5.455989
diary,1,5.008142
diazo,0,4.129520
dibbs,0,3.402856
diced,0,4.158393
dicer,0,5.102557
dices,0,4.881001
dicey,1,4.695335
dicht,0,4.388498
dicks,0,3.993730
dicky,0,3.832077
dicot,0,4.784784
dicta,0,4.746869
dicts,0,4.569682
dicty,0,4.409059
diddy,0,2.803827
didie,0,3.615063
didos,0,3.922156
didst,0,4.136105
diebs,0,4.551115
diels,0,5.054874
diene,0,4.721740
diets,0,5.034855
diffs,0,3.299978
dight,0,4.240739
digit,1,3.821623
dikas,0,4.361971
diked,0,3.797841
diker,0,4.744923
dikes,0,4.534848
dikey,0,4.353764
dildo,0,3.958037
dilli,0,3.279119
dills,0,4.069447
dilly,1,3.906517
dimbo,0,3.990022
dimer,0,4.949349
dimes,0,4.738388
dimly,1,4.292164
dimps,0,4.058027
dinar,0,5.172503
dined,0,4.308855
diner,1,5.234629
dines,0,5.039912
dinge,0,4.791861
dingo,1,4.359417
dings,0,4.303139
dingy,1,4.162285
dinic,0,3.744991
dinks,0,4.157314
dinky,0,3.991201
dinna,0,4.083383
dinos,0,4.719044
dints,0,4.726252
diode,1,4.410511
diols,0,4.888504
diota,0,4.990648
dippy,0,3.414162
dipso,0,4.507004
diram,0,4.826955
direr,0,4.648601
dirge,1,5.028793
dirke,0,4.882048
dirks,0,4.387258
dirls,0,4.920690
dirts,0,4.952345
dirty,1,4.783863
disas,0,4.133106
disci,0,3.749608
disco,1,4.594180
discs,0,3.813281
dishy,0,4.204513
disks,0,3.441455
disme,0,4.838801
dital,0,5.067403
ditas,0,4.935107
ditch,1,4.440999
dited,0,4.394707
dites,0,5.121334
ditsy,0,4.636465
ditto,1,4.125310
ditts,0,4.072043
ditty,1,3.917653
ditzy,0,3.765228
divan,0,4.369567
divas,0,4.304130
dived,0,3.728111
diver,1,4.676227
dives,0,4.462215
divis,0,3.365721
divna,0,4.276578
divos,0,4.164582
divot,0,4.388397
divvy,0,3.050588
diwan,0,4.426580
dixie,0,3.605059
dixit,0,3.335890
diyas,0,4.629327
dizen,0,4.298039
dizzy,1,2.759450
djinn,0,3.149183
djins,0,3.831575
doabs,0,4.590115
doats,0,5.098842
dobby,0,3.317975
dobes,0,4.707556
dobie,0,4.882494
dobla,0,4.610416
dobra,0,4.723364
dobro,0,3.930472
docht,0,4.471563
docks,0,4.037726
docos,0,3.871497
docus,0,4.386999
doddy,0,2.860010
dodge,1,4.051839
dodgy,1,3.436130
dodos,0,3.241488
doeks,0,4.488142
doers,0,5.174360
doest,0,5.250486
doeth,0,4.928715
doffs,0,3.354239
dogan,0,4.659068
doges,0,4.759477
dogey,0,4.596191
doggo,0,2.920374
doggy,0,3.413506
dogie,0,4.910069
dogma,1,4.233234
dohyo,0,3.494965
doilt,0,5.152601
doily,0,4.771561
doing,1,4.500219
doits,0,4.925039
dojos,0,3.196032
dolce,0,5.180642
dolci,0,4.647859
doled,0,4.427410
doles,0,5.153017
dolia,0,4.933856
dolls,0,4.117976
dolly,1,3.950705
dolma,0,4.613381
dolor,0,4.377695
dolos,0,4.108916
dolts,0,4.865439
domal,0,4.746460
domed,0,4.034842
domes,0,4.762951
domic,0,4.285680
donah,0,4.805918
donas,0,4.931188
donee,0,4.789045
doner,0,5.272917
donga,0,4.548700
dongs,0,4.375288
donko,0,3.600851
donna,0,4.161164
donne,0,4.468728
donny,0,3.838028
donor,1,4.347136
donsy,0,4.616596
donut,1,4.791691
doobs,0,3.669001
dooce,0,4.449527
doody,0,3.101963
dooks,0,3.603119
doole,0,4.654628
dools,0,4.178267
dooly,0,4.031211
dooms,0,3.755666
doomy,0,3.624522
doona,0,4.268702
doorn,0,4.344986
doors,0,4.269792
doozy,0,3.115060
dopas,0,4.658553
doped,0,4.086873
doper,0,5.019840
dopes,0,4.813883
dopey,1,4.638433
dorad,0,4.422152
dorba,0,4.694482
dorbs,0,4.514684
doree,0,4.958681
dores,0,5.264107
doric,0,4.821408
doris,0,4.971608
dorks,0,4.440876
dorky,0,4.275785
dorms,0,4.598404
dormy,0,4.458464
dorps,0,4.654336
dorrs,0,4.299522
dorsa,0,5.141622
dorse,0,5.443082
dorts,0,5.009475
dorty,0,4.839299
dosai,0,4.811713
dosas,0,4.188078
dosed,0,4.344463
doseh,0,4.939291
doser,0,5.271386
doses,0,4.347771
dosha,0,4.587574
dotal,0,5.126556
doted,0,4.421068
doter,0,5.344423
dotes,0,5.137863
dotty,0,3.964721
douar,0,5.099949
doubt,1,4.437388
douce,0,4.983703
doucs,0,4.506096
dough,1,4.175262
douks,0,4.126732
doula,0,4.826584
douma,0,4.392514
doums,0,4.282157
doups,0,4.336170
doura,0,4.935918
douse,0,5.125293
douts,0,4.697275
doved,0,3.764453
doven,0,4.559769
dover,0,4.702661
doves,0,4.495554
dovie,0,4.640463
dowar,0,4.738154
dowds,0,3.390634
dowdy,1,3.218672
dowed,0,3.838477
dowel,1,4.725702
dower,0,4.775807
dowie,0,4.720509
dowle,0,4.781772
dowls,0,4.298697
dowly,0,4.137417
downa,0,4.393016
downs,0,4.234528
downy,1,4.085411
dowps,0,3.928721
dowry,1,4.262186
dowse,0,4.745247
dowts,0,4.299423
doxed,0,3.535055
doxes,0,4.266223
doxie,0,4.412110
doyen,0,4.859718
doyly,0,3.759743
dozed,0,3.524783
dozen,1,4.321630
dozer,0,4.467949
dozes,0,4.255085
drabs,0,4.716386
drack,0,4.611405
draco,0,5.100417
draff,0,3.858813
draft,1,4.900100
drags,0,4.801430
drail,0,5.295980
drain,1,5.244658
drake,1,5.133279
drama,1,4.199141
drams,0,4.798888
drank,1,4.738236
drant,0,5.364770
drape,1,5.357160
draps,0,4.846713
drats,0,5.216519
drave,0,5.038576
drawl,1,4.741342
drawn,1,4.689922
draws,0,4.613005
drays,0,4.838644
dread,1,4.600824
dream,1,5.065665
drear,0,4.792388
dreck,0,4.551811
dreed,0,4.014254
dreer,0,4.152649
drees,0,4.740536
dregs,0,4.769546
dreks,0,4.603283
drent,0,5.312383
drere,0,4.206873
dress,1,4.396211
drest,0,5.348261
dreys,0,4.778714
dribs,0,4.523164
drice,0,5.326990
dried,1,4.583039
drier,1,4.720721
dries,0,5.308458
drift,1,4.693074
drill,1,4.407030
drily,0,4.838354
drink,1,4.514625
drips,0,4.657311
dript,0,4.891690
drive,1,4.830812
droid,0,4.292890
droil,0,5.133342
droit,1,5.243253
droke,0,4.909968
drole,0,5.466172
droll,1,4.424631
drome,0,5.077817
drone,1,5.397330
drony,0,4.823188
droob,0,3.954600
droog,0,4.037281
drook,0,3.892958
drool,1,4.420973
droop,1,4.097949
drops,0,4.661343
dropt,0,4.902525
dross,1,4.226540
drouk,0,4.411143
drove,1,4.813825
drown,1,4.485679
drows,0,4.415850
drubs,0,4.305292
drugs,0,4.387788
druid,1,4.073804
drums,0,4.386337
drunk,1,4.313633
drupe,0,4.937413
druse,0,5.235260
drusy,0,4.635667
druxy,0,3.773210
dryad,0,4.095834
dryas,0,4.818797
dryer,1,4.304246
dryly,1,3.814220
dsobo,0,3.532083
dsomo,0,3.621228
duads,0,3.957035
duals,0,4.867063
duans,0,4.785998
duars,0,4.945402
dubbo,0,3.286482
ducal,0,4.662144
ducat,0,4.741831
duces,0,4.688143
duchy,1,3.852711
ducks,0,3.794440
ducky,0,3.637477
ducts,0,4.372216
duddy,0,2.608124
duded,0,3.247573
dudes,0,4.058459
duels,0,4.859312
duets,0,4.836221
duett,0,4.300397
duffs,0,3.105377
dufus,0,3.150174
duing,0,4.258235
duits,0,4.691798
dukas,0,4.178687
duked,0,3.612899
dukes,0,4.345341
dukka,0,3.263251
dulce,0,4.945323
dules,0,4.941168
dulia,0,4.714750
dulls,0,3.873115
dully,1,3.711236
dulse,0,5.101962
dumas,0,4.359978
dumbo,0,3.805366
dumbs,0,3.721903
dumka,0,3.828905
dumky,0,3.502017
dummy,1,3.161010
dumps,0,3.858909
dumpy,1,3.716368
dunam,0,4.414369
dunce,1,4.862472
dunch,0,4.197847
dunes,0,4.858266
dungs,0,4.118298
dungy,0,3.988552
dunks,0,3.973289
dunno,0,3.809978
dunny,0,3.591369
dunsh,0,4.390682
dunts,0,4.533804
duomi,0,4.242019
duomo,0,3.654616
duped,0,3.876795
duper,0,4.821596
dupes,0,4.602338
duple,0,4.818382
duply,0,4.150855
duppy,0,3.213776
dural,0,4.996402
duras,0,4.889845
dured,0,4.332064
dures,0,5.056580
durgy,0,4.206376
durns,0,4.680760
duroc,0,4.656033
duros,0,4.767305
duroy,0,4.613022
durra,0,4.244301
durrs,0,4.057410
durry,0,3.903242
durst,0,4.954675
durum,0,3.580422
durzi,0,3.825526
dusks,0,3.241575
dusky,1,3.806130
dusts,0,3.793566
dusty,1,4.356031
dutch,1,4.254429
duvet,1,4.510045
duxes,0,4.054811
dwaal,0,3.936442
dwale,0,4.993249
dwalm,0,4.222621
dwams,0,4.058605
dwang,0,4.102240
dwarf,1,4.180371
dwaum,0,3.946699
dweeb,0,3.682180
dwell,1,3.861617
dwelt,1,4.660397
dwile,0,4.795322
dwine,0,4.686728
dyads,0,3.796359
dyers,0,4.758684
dying,1,4.110810
dyked,0,3.398843
dykes,0,4.150409
dykey,0,3.362140
dykon,0,3.928714
dynel,0,4.826439
dynes,0,4.666723
dzhos,0,3.500927
eager,1,4.784315
eagle,1,4.824291
eagre,0,4.917493
ealed,0,4.828689
eales,0,4.968618
eaned,0,4.773415
eards,0,5.226660
eared,0,4.952426
earls,0,5.521403
early,1,5.317116
earns,0,5.481821
earnt,0,5.690444
earst,0,5.757081
earth,1,5.415127
eased,0,4.733591
easel,1,5.029607
easer,0,5.080536
eases,0,4.150343
easle,0,5.115172
easts,0,4.599477
eaten,1,5.028045
eater,1,5.162369
eathe,0,4.838077
eaved,0,4.170375
eaves,0,4.314442
ebbed,0,3.217844
ebbet,0,3.579859
ebons,0,4.649299
ebony,1,4.493245
ebook,0,3.565300
ecads,0,4.810071
eched,0,3.968114
eches,0,4.089223
echos,0,4.466751
eclat,1,5.258936
ecrus,0,4.787374
edema,0,4.063802
edged,0,3.305031
edger,0,4.219763
edges,0,3.994412
edict,1,4.870162
edify,1,4.123823
edile,0,4.645806
edits,0,4.860105
educe,0,4.250341
educt,0,4.651283
eejit,0,3.983611
eensy,0,4.427693
eerie,1,4.287906
eeven,0,3.406275
eevns,0,4.005950
effed,0,3.091647
egads,0,4.638062
egers,0,4.316333
egest,0,4.389930
eggar,0,4.261756
egged,0,3.269411
egger,0,3.607840
egmas,0,4.475711
egret,1,4.635915
ehing,0,4.522546
eider,0,4.682847
eidos,0,4.836839
eight,1,4.613045
eigne,0,4.487142
eiked,0,4.034751
eikon,0,4.583492
eilds,0,4.869052
eisel,0,4.861453
eject,1,3.750380
ejido,0,3.985663
eking,1,4.188159
ekkas,0,3.749258
elain,0,5.450715
eland,0,5.243790
elans,0,5.369569
elate,1,5.218084
elbow,1,4.279428
elchi,0,4.561352
elder,1,4.676995
eldin,0,4.952237
elect,1,4.708906
elegy,1,4.142518
elemi,0,4.266142
elfed,0,4.106009
elfin,1,4.687962
eliad,0,5.233850
elide,1,4.706499
elint,0,5.348128
elite,1,5.035049
elmen,0,4.455792
eloge,0,4.610020
elogy,0,4.677988
eloin,0,5.249929
elope,1,4.663091
elops,0,4.891489
elpee,0,3.899822
elsin,0,5.181692
elude,1,4.500435
elute,0,4.812766
elvan,0,4.756130
elven,0,4.195249
elver,0,4.309014
elves,0,4.150350
emacs,0,4.812824
email,1,5.103123
embar,0,4.759967
embay,0,4.288859
embed,1,3.752100
ember,1,4.096868
embog,0,3.984661
embow,0,3.799893
embox,0,3.493063
embus,0,4.043097
emcee,1,3.529117
emeer,0,3.770147
emend,0,4.017172
emerg,0,4.076466
emery,0,4.187280
emeus,0,4.002760
emics,0,4.622811
emirs,0,4.911028
emits,0,4.810559
emmas,0,3.996618
emmer,0,3.626884
emmet,0,3.647206
emmew,0,2.969288
emmys,0,3.434134
emoji,0,3.788052
emong,0,4.392586
emote,0,4.550181
emove,0,3.867863
empts,0,4.399094
empty,1,4.210566
emule,0,4.379802
emure,0,4.478964
emyde,0,3.828327
emyds,0,4.055480
enact,1,5.323889
enarm,0,5.131707
enate,0,5.074706
ended,0,3.614845
ender,0,4.534442
endew,0,3.895986
endow,1,4.256847
endue,0,4.306593
enema,1,4.299629
enemy,1,3.964581
enews,0,3.959976
enfix,0,3.694765
eniac,0,5.070959
enjoy,1,3.904291
enlit,0,5.217559
enmew,0,3.787984
ennog,0,3.896587
ennui,1,3.950037
enoki,0,4.446859
enols,0,5.103839
enorm,0,4.930863
enows,0,4.500725
enrol,0,5.257998
ensew,0,4.118180
ensky,0,4.196318
ensue,1,4.529027
enter,1,4.810534
entia,0,5.169970
entry,1,4.948452
enure,0,4.763501
enurn,0,4.303057
envoi,0,4.292919
envoy,1,4.185527
enzym,0,3.462059
eorls,0,5.331785
eosin,0,5.154507
epact,0,5.123354
epees,0,3.642784
ephah,0,3.885517
ephas,0,4.588616
ephod,0,4.274834
ephor,0,4.697621
epics,0,4.702609
epoch,1,4.540847
epode,0,4.327203
epopt,0,4.189924
epoxy,1,3.793535
epris,0,4.951146
equal,1,4.286118
eques,0,3.644977
equid,0,3.863554
equip,1,3.798898
erase,1,5.289078
erbia,0,5.059260
erect,1,4.871425
erevs,0,4.170834
ergon,0,4.975318
ergos,0,4.940035
ergot,0,5.161235
erhus,0,4.726593
erica,0,5.380545
erick,0,4.775544
erics,0,5.217536
ering,0,4.963254
erned,0,4.714077
ernes,0,4.840116
erode,1,4.818344
erose,0,5.075188
erred,0,4.095574
error,1,3.921237
erses,0,4.116058
eruct,0,5.219017
erugo,0,4.828520
erupt,1,5.049988
eruvs,0,4.514558
erven,0,4.320484
ervil,0,4.816645
escar,0,5.205404
escot,0,4.933946
esile,0,4.844195
eskar,0,4.843209
esker,0,4.183584
esnes,0,3.785502
essay,1,4.183387
esses,0,2.960603
ester,1,4.760581
estoc,0,4.810874
estop,0,4.743539
estro,0,5.139140
etage,0,4.742991
etape,0,4.801319
etats,0,4.623597
etens,0,4.514312
ethal,0,5.017563
ether,1,4.533244
ethic,1,4.534826
ethne,0,4.458697
ethos,1,4.666858
ethyl,0,4.465431
etics,0,4.965020
etnas,0,5.184605
ettin,0,4.434466
ettle,0,4.186139
etude,1,4.417243
etuis,0,4.889257
etwee,0,3.567879
etyma,0,4.551610
eughs,0,4.235037
euked,0,3.863819
eupad,0,4.648626
euros,0,5.097742
eusol,0,5.048340
evade,1,4.192009
evens,0,3.917059
event,1,4.103260
evert,0,4.294005
every,1,3.913053
evets,0,3.977711
evhoe,0,3.856065
evict,1,4.562678
evils,0,4.570656
evite,0,4.315793
evohe,0,3.945001
evoke,1,3.714777
ewers,0,4.203905
ewest,0,4.289004
ewhow,0,3.331879
ewked,0,3.450669
exact,1,4.544984
exalt,1,4.754076
exams,0,4.115709
excel,1,3.770528
exeat,0,4.078620
execs,0,3.574995
exeem,0,2.793674
exeme,0,2.833156
exert,1,4.080677
exfil,0,3.845703
exies,0,3.895600
exile,1,4.099092
exine,0,3.991062
exing,0,3.880889
exist,1,4.517305
exits,0,4.320959
exode,0,3.746455
exome,0,3.652292
exons,0,4.242801
expat,0,4.310809
expel,1,3.662458
expos,0,3.886552
extol,1,4.373693
extra,1,4.555993
exude,0,3.549812
exuls,0,4.114281
exult,1,4.319832
exurb,0,3.853926
eyass,0,4.301552
eyers,0,4.426351
eying,1,4.445760
eyots,0,4.863463
eyras,0,5.110096
eyres,0,4.537973
eyrie,0,4.683094
eyrir,0,4.384521
ezine,0,4.002637
fabby,0,3.237583
fable,1,4.869011
faced,0,4.704795
facer,0,5.064244
faces,0,4.844814
facet,1,5.074455
facia,0,3.908881
facta,0,3.951121
facts,0,4.572520
faddy,0,3.440644
faded,0,4.053963
fader,0,4.992783
fades,0,4.776438
fadge,0,4.588720
fados,0,4.465903
faena,0,4.323067
faery,0,4.944273
faffs,0,2.819186
faffy,0,2.665621
faggy,0,3.339019
fagin,0,4.426001
fagot,0,4.604933
faiks,0,4.278882
fails,0,4.846111
faine,0,5.214904
fains,0,4.756664
faint,1,4.964256
fairs,0,4.941465
fairy,1,4.789587
faith,1,4.719265
faked,0,4.335918
faker,0,4.698120
fakes,0,4.483480
fakey,0,4.301324
fakie,0,4.642180
fakir,0,4.484835
falaj,0,3.304267
falls,0,4.034454
false,1,5.269441
famed,0,4.548976
fames,0,4.688839
fanal,0,4.172358
fancy,1,4.386885
fands,0,4.399782
fanes,0,5.012116
fanga,0,3.687773
fango,0,4.344861
fangs,0,4.313094
fanks,0,4.167631
fanny,1,3.762923
fanon,0,4.003381
fanos,0,4.705448
fanum,0,4.194561
faqir,0,4.162344
farad,0,4.135430
farce,1,5.260885
farci,0,4.709890
farcy,0,4.605061
fards,0,4.611764
fared,0,5.056219
farer,0,4.595255
fares,0,5.196469
farle,0,5.385126
farls,0,4.896186
farms,0,4.539734
faros,0,4.911561
farro,0,4.283470
farse,0,5.410295
farts,0,4.950313
fasci,0,4.486912
fasti,0,4.668017
fasts,0,3.985698
fatal,1,4.240660
fated,0,4.933280
fates,0,5.070846
fatly,0,4.625636
fatso,0,4.816461
fatty,1,3.891299
fatwa,0,3.579300
faugh,0,4.089761
fauld,0,4.475752
fault,1,4.833585
fauna,1,3.906137
fauns,0,4.536659
faurd,0,4.595776
fauts,0,4.631275
fauve,0,4.403252
favas,0,3.491312
favel,0,4.561279
faver,0,4.635688
faves,0,4.424953
favor,1,4.429874
favus,0,3.905265
fawns,0,4.175199
fawny,0,4.021793
faxed,0,4.051880
faxes,0,4.194471
fayed,0,4.573607
fayer,0,4.933965
fayne,0,4.870011
fayre,0,5.029118
fazed,0,4.043547
fazes,0,4.186363
feals,0,5.081862
feare,0,4.906690
fears,0,5.169812
feart,0,5.423012
fease,0,4.757745
feast,1,5.283054
feats,0,5.093397
feaze,0,3.884130
fecal,1,4.873610
feces,0,4.146952
fecht,0,4.406071
fecit,0,4.781196
fecks,0,3.998767
fedex,0,3.335356
feebs,0,3.804696
feeds,0,3.967404
feels,0,4.317247
feens,0,4.240848
feers,0,4.408788
feese,0,3.719074
feeze,0,2.831084
fehme,0,3.780258
feign,1,4.516597
feint,0,4.998566
feist,0,5.086074
felch,0,4.430845
felid,0,4.638837
fella,1,4.251644
fells,0,4.072254
felly,0,3.853224
felon,1,4.805816
felts,0,4.815619
felty,0,4.596114
femal,0,4.716895
femes,0,3.984615
femme,1,3.241302
femmy,0,3.315469
femur,1,4.476196
fence,1,4.313371
fends,0,4.416879
fendy,0,4.219991
fenis,0,4.725484
fenks,0,4.185121
fenny,0,3.734357
fents,0,4.756528
feods,0,4.552174
feoff,0,3.028284
feral,1,5.191905
ferer,0,3.898290
feres,0,4.513462
feria,0,5.072255
ferly,0,4.713960
fermi,0,4.522765
ferms,0,4.551569
ferns,0,4.874532
ferny,0,4.691019
ferry,1,4.057998
fesse,0,3.728567
festa,0,4.949403
fests,0,4.013166
festy,0,4.539562
fetal,1,5.091970
fetas,0,4.975675
fetch,1,4.424990
feted,0,4.237980
fetes,0,4.377383
fetid,1,4.641828
fetor,0,5.046739
fetta,0,4.274940
fetts,0,4.078530
fetus,1,4.569438
fetwa,0,4.418160
feuar,0,5.068723
feuds,0,4.339505
feued,0,4.087970
fever,1,3.933798
fewer,1,4.016511
feyed,0,3.875198
feyer,0,4.239730
feyly,0,3.661266
fezes,0,3.485152
fezzy,0,2.711043
fiars,0,4.902586
fiats,0,4.826480
fiber,1,4.653026
fibre,1,4.748522
fibro,0,4.300466
fices,0,4.652153
fiche,0,4.450773
fichu,0,3.752712
ficin,0,3.589563
ficos,0,4.327730
ficus,1,4.096937
fides,0,4.579501
fidge,0,4.352444
fidos,0,4.261520
fiefs,0,3.822790
field,1,4.655256
fiend,1,4.559539
fient,0,4.929220
fiere,0,4.656306
fiers,0,4.907465
fiery,1,4.728233
fiest,0,5.001413
fifed,0,3.772096
fifer,0,4.126857
fifes,0,3.927010
fifis,0,2.803740
fifth,1,3.484034
fifty,1,3.461650
figgy,0,3.105202
fight,1,4.005864
figos,0,4.168879
fiked,0,4.133870
fikes,0,4.295520
filar,0,4.948673
filch,0,4.210286
filed,0,4.723184
filer,1,5.030246
files,0,4.879565
filet,1,5.090702
filii,0,2.893500
filks,0,4.013412
fille,0,4.320523
fillo,0,3.859804
fills,0,3.822759
filly,1,3.649180
filmi,0,3.360156
films,0,4.169273
filmy,1,4.015257
filos,0,4.550680
filth,1,4.418354
filum,0,4.057895
final,1,4.738581
finca,0,4.446868
finch,1,4.125832
finds,0,4.157891
fined,0,4.645189
finer,1,4.976348
fines,0,4.801972
finis,0,3.683346
finks,0,3.930567
finny,0,3.524758
finos,0,4.484360
fiord,0,4.617739
fiqhs,0,3.297738
fique,0,3.860483
fired,0,4.842634
firer,0,4.394867
fires,0,4.997127
firie,0,4.384568
firks,0,4.153602
firms,0,4.307983
firns,0,4.631064
firry,0,3.857636
first,1,4.924730
firth,0,4.579947
fiscs,0,3.580150
fishy,1,3.976897
fisks,0,3.207313
fists,0,3.767117
fisty,0,4.336636
fitch,0,4.204018
fitly,0,4.425928
fitna,0,4.651295
fitte,0,4.321377
fitts,0,3.843270
fiver,0,4.423092
fives,0,4.220521
fixed,0,3.837175
fixer,1,4.189976
fixes,0,3.990261
fixit,0,3.095591
fizzy,1,2.506856
fjeld,0,3.696945
fjord,1,3.678121
flabs,0,4.322298
flack,1,4.206104
flaff,0,2.980942
flags,0,4.422409
flail,1,4.189645
flair,1,5.046899
flake,1,4.738472
flaks,0,4.267074
flaky,1,4.108655
flame,1,4.910622
flamm,0,3.620716
flams,0,4.411109
flamy,0,4.277149
flane,0,5.233228
flank,1,4.330286
flans,0,4.737258
flaps,0,4.458092
flare,1,5.377381
flary,0,4.748933
flash,1,4.653241
flask,1,4.392756
flats,0,4.826114
flava,0,3.543659
flawn,0,4.265084
flaws,0,4.227542
flawy,0,4.092064
flaxy,0,3.778610
flays,0,4.452072
fleam,0,4.651568
fleas,0,4.920955
fleck,1,4.158876
fleek,0,3.966674
fleer,0,4.558902
flees,0,4.392203
fleet,1,4.595615
flegs,0,4.398422
fleme,0,4.146486
flesh,1,4.630926
fleur,0,4.838785
flews,0,4.211523
flexi,0,3.859116
flexo,0,3.940367
fleys,0,4.404998
flick,1,4.010236
flics,0,4.448686
flied,0,4.794916
flier,1,5.106122
flies,0,4.951470
flimp,0,3.984785
flims,0,4.222631
fling,1,4.191491
flint,1,4.726028
flips,0,4.270014
flirs,0,4.693079
flirt,1,4.920479
flisk,0,4.197664
flite,0,5.117943
flits,0,4.646911
flitt,0,4.088305
float,1,4.978258
flobs,0,4.137110
flock,1,4.012344
flocs,0,4.446813
floes,0,4.932758
flogs,0,4.227557
flong,0,4.238641
flood,1,3.765653
floor,1,4.153052
flops,0,4.264472
flora,1,4.879371
flors,0,4.691086
flory,0,4.566349
flosh,0,4.474676
floss,1,3.858899
flota,0,4.807062
flote,0,5.097806
flour,1,4.674513
flout,1,4.622240
flown,1,4.069496
flows,0,4.034294
flubs,0,3.915355
flued,0,4.586452
flues,0,4.732372
fluey,0,4.548350
fluff,1,2.565790
fluid,1,4.258502
fluke,1,4.334458
fluky,0,3.691068
flume,1,4.483983
flump,0,3.762373
flung,1,3.985218
flunk,1,3.897689
fluor,0,4.682719
flurr,0,3.965739
flush,1,4.255235
flute,1,4.893539
fluty,0,4.251988
fluyt,0,4.238950
flyby,0,2.959990
flyer,1,4.709191
flype,0,4.355327
flyte,0,4.674035
foals,0,4.849341
foams,0,4.439704
foamy,1,4.288172
focal,1,4.645655
focus,1,4.162290
foehn,0,4.538528
fogey,0,4.346617
foggy,1,3.166119
fogie,0,4.672493
fogle,0,4.734637
fogou,0,3.298618
fohns,0,4.209323
foids,0,4.345287
foils,0,4.683579
foins,0,4.584980
foist,1,4.868142
folds,0,4.293909
foley,0,4.706521
folia,0,4.676164
folic,0,4.430066
folie,0,5.060022
folio,1,3.951198
folks,0,4.067404
folky,0,3.883624
folly,1,3.699845
fomes,0,4.519263
fonda,0,4.406618
fonds,0,4.233330
fondu,0,4.062533
fones,0,4.852621
fonly,0,4.400181
fonts,0,4.571858
foods,0,3.594420
foody,0,3.448677
fools,0,3.932699
foots,0,3.939820
footy,0,3.771434
foram,0,4.614223
foray,1,4.737086
forbs,0,4.272120
forby,0,4.128515
force,1,5.059603
fordo,0,3.811981
fords,0,4.437526
forel,0,5.125749
fores,0,5.021160
forex,0,4.266641
forge,1,4.821694
forgo,1,3.720994
forks,0,4.211934
forky,0,4.032918
forme,0,4.816902
forms,0,4.358281
forte,1,5.226070
forth,1,4.637603
forts,0,4.775525
forty,1,4.603442
forum,1,4.259093
forza,0,4.011914
forze,0,4.321872
fossa,0,3.946244
fosse,0,4.262655
fouat,0,4.766201
fouds,0,4.127044
fouer,0,4.921562
fouet,0,4.946023
foule,0,4.920863
fouls,0,4.457469
found,1,4.230617
fount,0,4.589388
fours,0,4.564066
fouth,0,4.330885
fovea,0,4.383904
fowls,0,4.058949
fowth,0,3.915849
foxed,0,3.880853
foxes,0,4.025826
foxie,0,4.161662
foyer,1,4.757021
foyle,0,4.739656
foyne,0,4.669218
frabs,0,4.485326
frack,0,4.377153
fract,0,5.038140
frags,0,4.571574
frail,1,5.051329
fraim,0,4.692484
frame,1,5.061795
franc,0,4.789321
frank,1,4.502755
frape,0,5.113310
fraps,0,4.612034
frass,0,4.189029
frate,0,5.473627
frati,0,4.966430
frats,0,4.992284
fraud,1,4.615028
fraus,0,4.717809
frays,0,4.606501
freak,1,4.683023
freed,1,4.360397
freer,1,3.910067
frees,0,4.513001
freet,0,4.738846
freit,0,5.167878
fremd,0,4.397324
frena,0,5.070328
freon,0,4.972109
frere,0,3.963417
fresh,1,4.766098
frets,0,4.950272
friar,1,4.398154
fribs,0,4.283907
fried,1,4.917864
frier,0,4.472328
fries,0,5.065484
frigs,0,4.373315
frill,1,4.156442
frise,0,5.208745
frisk,1,4.326343
frist,0,4.973133
frith,0,4.661110
frits,0,4.800633
fritt,0,4.261125
fritz,1,4.045103
frize,0,4.360658
frizz,0,3.007822
frock,1,4.185742
froes,0,5.046384
frogs,0,4.372227
frond,1,4.578750
frons,0,4.694175
front,1,4.936650
frore,0,4.515005
frorn,0,4.128003
frory,0,3.928980
frosh,0,4.602516
frost,1,4.965647
froth,1,4.675940
frown,1,4.235085
frows,0,4.177823
frowy,0,4.065539
froze,1,4.339200
frugs,0,4.156234
fruit,1,4.799819
frump,0,3.930007
frush,0,4.398473
frust,0,4.766263
fryer,0,4.066838
fubar,0,4.401246
fubby,0,2.813534
fubsy,0,3.773158
fucks,0,3.572967
fucus,0,3.228321
fuddy,0,3.019511
fudge,1,4.169941
fudgy,0,3.538214
fuels,0,4.623976
fuero,0,4.758203
fuffs,0,2.404817
fuffy,0,2.243640
fugal,0,4.261004
fuggy,0,2.915478
fugie,0,4.451791
fugio,0,4.013632
fugle,0,4.497434
fugly,0,3.852217
fugue,1,3.571995
fugus,0,3.066247
fujis,0,3.458572
fulls,0,3.633931
fully,1,3.455132
fumed,0,4.150603
fumer,0,4.499539
fumes,0,4.294731
fumet,0,4.509212
fundi,0,3.949694
funds,0,3.977463
fundy,0,3.832408
fungi,1,3.841824
fungo,0,3.952771
fungs,0,3.881600
funks,0,3.741125
funky,1,3.573581
funny,1,3.335268
fural,0,4.735722
furan,0,4.697026
furca,0,4.508697
furls,0,4.480741
furol,0,4.642736
furor,1,4.000082
furrs,0,3.819340
furry,1,3.660053
furth,0,4.396669
furze,0,4.101390
furzy,0,3.453572
fused,0,4.456708
fusee,0,4.315830
fusel,0,4.773587
fuses,0,3.877667
fusil,0,4.470617
fusks,0,3.009928
fussy,1,3.386642
fusts,0,3.567037
fusty,0,4.135537
futon,0,4.439726
fuzed,0,3.655913
fuzee,0,3.497078
fuzes,0,3.804347
fuzil,0,3.644003
fuzzy,1,2.305734
fyces,0,4.259296
fyked,0,3.749109
fykes,0,3.920519
fyles,0,4.501430
fyrds,0,4.005486
fytte,0,3.903517
gabba,0,2.910966
gabby,0,3.395878
gable,0,5.028230
gaddi,0,3.696012
gades,0,4.918537
gadge,0,4.209825
gadid,0,3.890846
gadis,0,4.608783
gadje,0,4.219472
gadjo,0,3.756238
gadso,0,4.660161
gaffe,1,3.948915
gaffs,0,3.434977
gaged,0,4.178725
gager,0,4.516644
gages,0,4.316815
gaids,0,4.660335
gaily,1,4.834056
gains,0,4.887793
gairs,0,5.092418
gaita,0,4.384914
gaits,0,5.003294
gaitt,0,4.454266
gajos,0,4.002371
galah,0,4.145177
galas,0,4.263716
galax,0,3.508062
galea,0,4.596806
galed,0,5.091522
gales,0,5.225924
galls,0,4.198070
gally,0,4.028262
galop,0,4.700863
galut,0,4.904186
galvo,0,4.326473
gamas,0,3.885606
gamay,0,3.741209
gamba,0,3.433719
gambe,0,4.574402
gambo,0,4.099932
gambs,0,4.055766
gamed,0,4.705720
gamer,1,5.035786
games,0,4.838892
gamey,0,4.657986
gamic,0,4.345267
gamin,0,4.564417
gamma,1,2.994522
gamme,0,4.134618
gammy,0,3.493067
gamps,0,4.188953
gamut,1,4.521022
ganch,0,4.513695
gandy,0,4.394616
ganef,0,4.745783
ganev,0,4.600189
gangs,0,3.930121
ganja,0,3.299949
ganof,0,4.433740
gants,0,4.867355
gaols,0,4.998565
gaped,0,4.755491
gaper,0,5.099906
gapes,0,4.894341
gapos,0,4.584269
gappy,0,3.531920
garbe,0,5.094681
garbo,0,4.643859
garbs,0,4.595555
garda,0,4.156853
gares,0,5.339036
garis,0,5.047192
garms,0,4.691679
garni,0,4.952455
garre,0,4.873702
garth,0,4.950746
garum,0,4.562470
gases,0,4.414824
gasps,0,3.773374
gaspy,0,4.350618
gassy,1,3.950389
gasts,0,4.130573
gatch,0,4.567981
gated,0,5.085626
gater,0,5.421621
gates,0,5.215795
gaths,0,4.562602
gator,0,5.214610
gauch,0,4.410718
gaucy,0,4.423921
gauds,0,4.441285
gaudy,1,4.292240
gauge,1,4.289678
gauje,0,4.300094
gault,0,4.990194
gaums,0,4.362103
gaumy,0,4.207586
gaunt,1,4.873148
gaups,0,4.405047
gaurs,0,4.863384
gauss,0,3.988910
gauze,1,4.325973
gauzy,0,3.703140
gavel,1,4.723971
gavot,0,4.506823
gawcy,0,4.038544
gawds,0,4.053945
gawks,0,3.819884
gawky,1,3.645950
gawps,0,4.017477
gawsy,0,4.224356
gayal,0,4.100336
gayer,1,5.079653
gayly,1,3.832777
gazal,0,3.525864
gazar,0,3.688170
gazed,0,4.201654
gazer,1,4.543102
gazes,0,4.336395
gazon,0,4.078531
gazoo,0,3.346376
geals,0,5.241402
geans,0,5.143181
geare,0,5.042524
gears,0,5.315829
geats,0,5.235079
gebur,0,4.588004
gecko,1,4.172200
gecks,0,4.125911
geeks,0,3.876414
geeky,1,3.662266
geeps,0,4.092295
geese,1,3.861085
geest,0,4.630623
geist,0,5.213924
geits,0,5.044122
gelds,0,4.637202
gelee,0,3.892374
gelid,0,4.804213
gelly,0,4.017182
gelts,0,4.968826
gemel,0,4.304411
gemma,0,3.844257
gemmy,0,3.484006
gemot,0,4.765601
genal,0,5.176522
genas,0,5.048530
genes,0,4.450862
genet,0,4.672165
genic,0,4.680456
genie,1,4.605627
genii,0,4.063320
genip,0,4.660828
genny,0,3.872612
genoa,0,4.993450
genom,0,4.573674
genre,1,4.732625
genro,0,5.035949
gents,0,4.890924
genty,0,4.676561
genua,0,4.802365
genus,0,4.640400
geode,0,4.410968
geoid,0,4.805563
gerah,0,5.117611
gerbe,0,4.359689
geres,0,4.653807
gerle,0,4.823568
germs,0,4.706974
germy,0,4.526581
gerne,0,4.757148
gesse,0,3.872942
gesso,0,4.173545
geste,0,4.620623
gests,0,4.158660
getas,0,5.120983
getup,0,4.529366
geums,0,4.398754
geyan,0,4.826539
geyer,0,4.392715
ghast,0,4.819268
ghats,0,4.667230
ghaut,0,4.625522
ghazi,0,3.718113
ghees,0,4.238698
ghest,0,4.790186
ghost,1,4.641435
ghoul,1,4.426551
ghyll,0,3.505423
giant,1,5.068230
gibed,0,4.464879
gibel,0,4.769205
giber,0,4.814916
gibes,0,4.597909
gibli,0,3.517975
gibus,0,4.031122
giddy,1,3.363647
gifts,0,4.190007
gigas,0,3.934438
gighe,0,3.912950
gigot,0,3.998461
gigue,0,4.026911
gilas,0,4.849575
gilds,0,4.396738
gilet,0,5.235847
gills,0,3.987905
gilly,0,3.813150
gilpy,0,4.211234
gilts,0,4.725694
gimel,0,4.810298
gimme,0,3.912410
gimps,0,3.966179
gimpy,0,3.825352
ginch,0,4.251606
ginge,0,4.160641
gings,0,3.684551
ginks,0,4.064052
ginny,0,3.663674
ginzo,0,3.761436
gipon,0,4.412605
gippo,0,3.514985
gippy,0,3.314061
gipsy,1,4.226308
girds,0,4.524897
girls,0,4.829489
girly,1,4.661463
girns,0,4.765126
giron,0,4.879670
giros,0,4.850757
girrs,0,4.157776
girsh,0,4.696620
girth,1,4.716001
girts,0,4.860113
gismo,0,4.298256
gisms,0,3.518270
gists,0,3.907587
gitch,0,4.329544
gites,0,5.025934
giust,0,4.741910
gived,0,4.230735
given,1,4.417523
giver,1,4.581908
gives,0,4.373088
gizmo,0,3.478864
glace,0,5.291682
glade,1,5.155989
glads,0,4.656043
glady,0,4.530952
glaik,0,4.544685
glair,0,5.212128
glams,0,4.573748
gland,1,4.767422
glans,0,4.887456
glare,1,5.533163
glary,0,4.904518
glass,1,4.216637
glaum,0,4.463735
glaur,0,5.003990
glaze,1,4.579077
glazy,0,3.946268
gleam,1,4.809991
glean,1,5.114019
gleba,0,4.671815
glebe,0,4.235001
gleby,0,4.308731
glede,0,4.391781
gleds,0,4.628155
gleed,0,4.402395
gleek,0,4.118769
glees,0,4.544132
gleet,0,4.746700
gleis,0,4.962406
glens,0,4.861385
glent,0,5.041147
gleys,0,4.563422
glial,0,4.314440
glias,0,4.923477
glibs,0,4.299064
glide,1,4.945076
gliff,0,3.404168
glift,0,4.434991
glike,0,4.702168
glime,0,4.872585
glims,0,4.385817
glint,1,4.858314
glisk,0,4.353988
glits,0,4.805416
glitz,0,4.032556
gloam,0,4.647501
gloat,1,5.139804
globe,1,4.779189
globi,0,4.261024
globs,0,4.292150
globy,0,4.182066
glode,0,4.936295
glogg,0,3.028924
gloms,0,4.379779
gloom,1,3.784963
gloop,0,3.849389
glops,0,4.424510
glory,1,4.729057
gloss,1,4.020359
glost,0,4.973943
glout,0,4.779276
glove,1,4.584625
glows,0,4.192986
gloze,0,4.359404
glued,0,4.753351
gluer,0,5.048210
glues,0,4.879627
gluey,0,4.705746
glugs,0,3.642896
glume,0,4.643176
glums,0,4.159737
gluon,0,4.611489
glute,0,5.049426
gluts,0,4.570248
glyph,1,3.928394
gnarl,0,5.027254
gnarr,0,4.393263
gnars,0,4.902868
gnash,1,4.658996
gnats,0,4.828730
gnawn,0,3.562694
gnaws,0,4.231373
gnome,1,4.680926
gnows,0,4.043031
goads,0,4.668424
goafs,0,4.431970
goals,0,5.006346
goary,0,4.953236
goats,0,5.007458
goaty,0,4.844104
goban,0,4.513165
gobar,0,4.791231
gobbi,0,3.320753
gobbo,0,2.723570
gobby,0,3.228611
gobis,0,4.306870
gobos,0,3.579147
godet,0,4.982084
godly,1,4.350537
godso,0,3.807291
goels,0,4.997741
goers,0,5.083065
goest,0,5.153214
goeth,0,4.834056
goety,0,4.784334
gofer,0,4.718859
goffs,0,3.264903
gogga,0,3.033790
gogos,0,3.110873
goier,0,5.290936
going,1,3.883626
gojis,0,3.837404
golds,0,4.445963
goldy,0,4.296453
golem,1,4.796487
goles,0,5.063443
golfs,0,4.211842
golly,1,3.867249
golpe,0,4.900935
golps,0,4.410305
gombo,0,3.245398
gomer,0,4.868529
gompa,0,4.170991
gonad,1,4.698103
gonch,0,4.340456
gonef,0,4.585862
goner,1,5.165851
gongs,0,3.758364
gonia,0,4.763382
gonif,0,4.265982
gonks,0,4.138656
gonna,0,4.050828
gonof,0,3.543386
gonys,0,4.329495
gonzo,0,3.147344
gooby,0,3.444086
goods,0,3.741800
goody,1,3.607209
gooey,1,4.168516
goofs,0,3.505481
goofy,1,3.372803
googs,0,3.136460
gooks,0,3.505349
gooky,0,3.339418
goold,0,3.965517
gools,0,4.088419
gooly,0,3.937294
goons,0,3.996910
goony,0,3.854182
goops,0,3.703297
goopy,0,3.562692
goors,0,4.178178
goory,0,4.043473
goose,1,4.488821
goosy,0,3.899279
gopak,0,4.165993
gopik,0,4.020618
goral,0,5.140389
goras,0,5.039875
gored,0,5.040300
gores,0,5.167510
gorge,1,4.442798
goris,0,4.885113
gorms,0,4.517614
gormy,0,4.369453
gorps,0,4.558450
gorse,0,5.333121
gorsy,0,4.736152
gosht,0,4.539107
gosse,0,4.401920
gotch,0,4.386162
goths,0,4.399883
gothy,0,4.260161
gotta,0,4.214353
gouch,0,4.247173
gouge,1,4.114974
gouks,0,4.037435
goura,0,4.831855
gourd,1,4.595322
gouts,0,4.608236
gouty,0,4.440948
gowan,0,4.350976
gowds,0,3.872528
gowfs,0,3.637505
gowks,0,3.639493
gowls,0,4.216534
gowns,0,4.134673
goxes,0,4.174110
goyim,0,4.170691
goyle,0,4.901984
graal,0,4.541121
grabs,0,4.620485
grace,1,5.417198
grade,1,5.273926
grads,0,4.784286
graff,0,3.754486
graft,1,4.800511
grail,1,5.200526
grain,1,5.123811
graip,0,4.896329
grama,0,4.093062
grame,0,5.200191
gramp,0,4.496835
grams,0,4.706393
grana,0,4.417333
grand,1,4.897134
grans,0,5.012746
grant,1,5.241281
grape,1,5.248356
graph,1,4.633138
grapy,0,4.625432
grasp,1,4.865198
grass,1,4.324691
grate,1,5.604083
grave,1,4.929457
gravs,0,4.460789
gravy,1,4.342126
grays,0,4.745869
graze,1,4.701619
great,1,5.451087
grebe,0,4.349688
grebo,0,4.660959
grece,0,4.650320
greed,1,4.507047
greek,0,4.237643
green,1,4.688345
grees,0,4.651501
greet,1,4.870830
grege,0,3.902407
grego,0,4.218077
grein,0,5.120687
grens,0,4.987174
grese,0,4.765457
greve,0,4.158148
grews,0,4.491953
greys,0,4.691807
grice,0,5.217790
gride,0,5.055410
grids,0,4.583534
grief,1,4.807318
griff,0,3.548283
grift,0,4.585681
grigs,0,3.990593
grike,0,4.817392
grill,1,4.304138
grime,1,4.995221
grimy,1,4.384648
grind,1,4.658039
grins,0,4.791326
griot,0,5.141965
gripe,1,5.048001
grips,0,4.551187
gript,0,4.783451
gripy,0,4.423387
grise,0,5.339734
grist,0,5.089856
grisy,0,4.739790
grith,0,4.789949
grits,0,4.933670
grize,0,4.498343
groan,1,5.102471
groat,0,5.303314
grody,0,4.483113
grogs,0,3.993206
groin,1,4.942818
groks,0,4.355356
groma,0,4.684243
grone,0,5.266762
groof,0,3.785958
groom,1,3.921416
grope,1,5.027993
gross,1,4.125326
grosz,0,4.116560
grots,0,4.935093
grouf,0,4.305551
group,1,4.516396
grout,1,4.932901
grove,1,4.708859
grovy,0,4.151625
growl,1,4.448538
grown,1,4.359949
grows,0,4.318061
grrls,0,4.142613
grrrl,0,3.445881
grubs,0,4.205586
grued,0,4.854095
gruel,1,5.095021
grues,0,4.987870
grufe,0,4.631103
gruff,1,3.338302
grume,0,4.775064
grump,0,4.085550
grund,0,4.463292
grunt,1,4.808674
gryce,0,4.805968
gryde,0,4.644660
gryke,0,4.398892
grype,0,4.639663
grypt,0,4.394281
guaco,0,4.587885
guana,0,4.061373
guano,0,4.695200
guans,0,4.678694
guard,1,4.734455
guars,0,4.841432
guava,1,3.484916
gucks,0,3.702501
gucky,0,3.540077
gudes,0,4.534760
guess,1,3.972993
guest,1,4.927672
guffs,0,3.015230
gugas,0,3.752073
guide,1,4.716241
guids,0,4.259214
guild,1,4.483434
guile,1,5.071698
guilt,1,4.814235
guimp,0,3.959386
guiro,0,4.736588
guise,1,5.016099
gulag,0,3.863725
gular,0,4.927515
gulas,0,4.659395
gulch,1,4.171151
gules,0,4.843769
gulet,0,5.049654
gulfs,0,3.962104
gulfy,0,3.821676
gulls,0,3.790868
gully,1,3.622182
gulph,0,4.045896
gulps,0,4.165051
gulpy,0,4.015643
gumbo,1,3.703959
gumma,0,3.367945
gummi,0,3.174939
gummy,1,3.069773
gumps,0,3.757848
gundy,0,3.976179
gunge,0,3.981921
gungy,0,3.345791
gunks,0,3.878662
gunky,0,3.715002
gunny,0,3.482909
guppy,1,3.114806
guqin,0,3.606467
gurdy,0,4.188536
gurge,0,4.210343
gurls,0,4.629415
gurly,0,4.467810
gurns,0,4.571997
gurry,0,3.808246
gursh,0,4.505189
gurus,0,3.736676
gushy,0,3.932262
gusla,0,4.639443
gusle,0,4.953099
gusli,0,4.440214
gussy,0,3.538482
gusto,1,4.521029
gusts,0,3.708644
gusty,1,4.280265
gutsy,0,4.346643
gutta,0,3.969148
gutty,0,3.626849
guyed,0,4.350638
guyle,0,4.670654
guyot,0,4.415413
guyse,0,4.636610
gwine,0,4.564310
gyals,0,4.630684
gyans,0,4.554761
gybed,0,4.070686
gybes,0,4.212454
gyeld,0,4.414408
gymps,0,3.595833
gynae,0,4.885888
gynie,0,4.718510
gynny,0,2.669640
gynos,0,4.299607
gyoza,0,3.698218
gypos,0,4.039398
gyppo,0,3.172791
gyppy,0,2.285137
gypsy,1,3.207863
gyral,0,4.759133
gyred,0,4.621589
gyres,0,4.771952
gyron,0,4.543530
gyros,0,4.511378
gyrus,0,4.265701
gytes,0,4.637318
gyved,0,3.853800
gyves,0,4.006058
haafs,0,3.828683
haars,0,4.483891
habit,1,4.759495
hable,0,5.089837
habus,0,4.321280
hacek,0,4.616628
hacks,0,4.186757
hadal,0,4.174382
haded,0,4.270019
hades,0,4.985309
hadji,0,3.721659
hadst,0,4.888473
haems,0,4.833726
haets,0,5.226098
haffs,0,3.505337
hafiz,0,3.665398
hafts,0,4.464976
haggs,0,3.708611
hahas,0,3.383910
haick,0,4.410688
haika,0,3.873468
haiks,0,4.498930
haiku,0,4.250359
hails,0,5.065162
haily,0,4.886619
hains,0,4.982157
haint,0,5.174226
hairs,0,5.156788
hairy,1,4.985494
haith,0,4.317204
hajes,0,4.379603
hajis,0,4.069641
hajji,0,3.004205
hakam,0,3.482904
hakas,0,3.769066
hakea,0,4.072308
hakes,0,4.700525
hakim,0,4.129686
hakus,0,4.188983
halal,0,3.707614
haled,0,5.138928
haler,0,5.439614
hales,0,5.280012
halfa,0,3.815038
halfs,0,4.440113
halid,0,4.822579
hallo,0,4.296030
halls,0,4.259223
halma,0,3.964029
halms,0,4.603575
halon,0,5.009801
halos,0,4.960683
halse,0,5.485853
halts,0,4.990002
halva,0,3.706655
halve,1,4.821534
halwa,0,3.776353
hamal,0,4.079721
hamba,0,3.506403
hamed,0,4.760508
hames,0,4.897724
hammy,0,3.538927
hamza,0,3.080058
hanap,0,4.069768
hance,0,5.229636
hanch,0,3.977225
hands,0,4.613276
handy,1,4.449750
hangi,0,4.471624
hangs,0,4.532184
hanks,0,4.390104
hanky,0,4.203991
hansa,0,4.309886
hanse,0,5.427926
hants,0,4.937058
haole,0,5.500207
haoma,0,4.021929
hapax,0,3.248656
haply,0,4.509731
happi,0,3.700426
happy,1,3.584128
hapus,0,4.430472
haram,0,4.201647
hards,0,4.816561
hardy,1,4.648467
hared,0,5.264465
harem,1,5.130996
hares,0,5.403720
harim,0,4.842147
harks,0,4.601690
harls,0,5.104304
harms,0,4.754397
harns,0,5.086423
haros,0,5.120027
harps,0,4.791910
harpy,1,4.619672
harry,1,4.265046
harsh,1,4.390473
harts,0,5.146683
hashy,0,3.802805
hasks,0,3.644242
hasps,0,3.838177
hasta,0,4.299919
haste,1,5.397207
hasty,1,4.725745
hatch,1,4.029680
hated,0,5.143384
hater,1,5.484931
hates,0,5.272720
hatha,0,3.429336
hauds,0,4.503494
haufs,0,4.277823
haugh,0,3.689896
hauld,0,4.691155
haulm,0,4.558497
hauls,0,4.829132
hault,0,5.042129
hauns,0,4.757048
haunt,1,4.954619
hause,0,5.272021
haute,1,5.278771
haven,1,4.692157
haver,0,4.846865
haves,0,4.638599
havoc,1,4.202388
hawed,0,4.572130
hawks,0,3.895334
hawms,0,4.047784
hawse,0,4.934148
hayed,0,4.770463
hayer,0,5.124460
hayey,0,4.125026
hayle,0,5.123950
hazan,0,3.510854
hazed,0,4.259977
hazel,1,4.544746
hazer,0,4.611803
hazes,0,4.402634
heads,0,4.951876
heady,1,4.738957
heald,0,5.155784
heals,0,5.289732
heame,0,4.596046
heaps,0,4.927777
heapy,0,4.713256
heard,1,5.254475
heare,0,5.107106
hears,0,5.379745
heart,1,5.614519
heast,0,5.466539
heath,1,4.526810
heats,0,5.282402
heave,1,4.317774
heavy,1,4.411781
heben,0,4.222632
hebes,0,4.159982
hecht,0,4.024496
hecks,0,4.198603
heder,0,4.510889
hedge,1,4.078582
hedgy,0,4.140560
heeds,0,4.183889
heedy,0,3.964425
heels,0,4.531457
heeze,0,3.051426
hefte,0,4.227533
hefts,0,4.492533
hefty,1,4.267379
heids,0,4.775613
heigh,0,3.926945
heils,0,5.116458
heirs,0,5.213938
heist,1,5.294966
hejab,0,3.907503
hejra,0,4.426450
heled,0,4.455656
heles,0,4.590853
helio,0,4.987808
helix,1,4.239269
hello,1,4.325344
hells,0,4.289585
helms,0,4.623006
helos,0,4.982541
helot,0,5.194597
helps,0,4.665159
helve,0,4.097137
hemal,0,4.927730
hemes,0,4.207778
hemic,0,4.428914
hemin,0,4.662413
hemps,0,4.274447
hempy,0,4.063651
hence,1,4.496501
hench,0,3.971852
hends,0,4.639653
henge,0,4.288088
henna,0,4.340584
henny,0,3.939611
henry,0,4.847031
hents,0,4.968923
hepar,0,5.151872
herbs,0,4.690275
herby,0,4.485779
herds,0,4.845919
heres,0,4.732370
herls,0,5.136387
herma,0,4.958162
herms,0,4.775560
herns,0,5.099142
heron,1,5.170536
heros,0,5.142095
herry,0,4.251220
herse,0,4.903477
hertz,0,4.416163
herye,0,4.484628
hesps,0,3.866573
hests,0,4.214827
hetes,0,4.587396
heths,0,4.073960
heuch,0,3.888370
heugh,0,3.709601
hevea,0,4.112601
hewed,0,3.880655
hewer,0,4.226128
hewgh,0,3.299020
hexad,0,4.166361
hexed,0,3.575044
hexer,0,3.925797
hexes,0,3.719484
hexyl,0,3.875269
heyed,0,4.085138
hiant,0,5.156135
hicks,0,3.977916
hided,0,4.078182
hider,0,5.010480
hides,0,4.808894
hiems,0,4.630200
highs,0,3.444437
hight,0,3.632372
hijab,0,3.642920
hijra,0,4.152696
hiked,0,4.365529
hiker,0,4.718870
hikes,0,4.526305
hikoi,0,3.408455
hilar,0,5.171666
hilch,0,3.825441
hillo,0,4.093322
hills,0,4.060147
hilly,1,3.870095
hilts,0,4.785851
hilum,0,4.289687
hilus,0,4.554637
himbo,0,3.962172
hinau,0,4.593032
hinds,0,4.388166
hinge,1,4.765166
hings,0,4.297647
hinky,0,3.975571
hinny,0,3.742649
hints,0,4.716573
hiois,0,4.052786
hiply,0,4.314217
hippo,1,3.585942
hippy,1,3.379777
hired,0,5.078006
hiree,0,4.913741
hirer,0,4.622087
hires,0,5.233280
hissy,0,3.803011
hists,0,3.971748
hitch,1,3.811263
hithe,0,4.334933
hived,0,4.293295
hiver,0,4.649423
hives,0,4.448892
hizen,0,4.268629
hoaed,0,5.154131
hoagy,0,4.508951
hoard,1,5.039188
hoars,0,5.147078
hoary,0,4.994690
hoast,0,5.235861
hobby,1,3.283715
hobos,0,3.658228
hocks,0,4.021912
hocus,0,4.364262
hodad,0,3.960240
hodja,0,3.775041
hoers,0,5.154362
hogan,0,4.629510
hogen,0,4.784998
hoggs,0,3.544121
hoghs,0,3.504662
hohed,0,4.021141
hoick,0,4.243636
hoied,0,5.006385
hoiks,0,4.342830
hoing,0,4.482773
hoise,0,5.319605
hoist,1,5.074936
hokas,0,4.391817
hoked,0,4.385538
hokes,0,4.537539
hokey,0,4.330668
hokis,0,4.250557
hokku,0,3.132551
hokum,0,3.767933
holds,0,4.510954
holed,0,4.980167
holes,0,5.122879
holey,0,4.903431
holks,0,4.291337
holla,0,4.246344
hollo,0,3.464729
holly,1,3.910820
holme,0,4.910765
holms,0,4.447045
holon,0,4.127486
holos,0,4.087048
holts,0,4.834119
homas,0,4.579732
homed,0,4.592608
homer,1,4.930085
homes,0,4.740300
homey,0,4.525396
homie,0,4.885415
homme,0,4.009510
homos,0,3.717269
honan,0,4.219939
honda,0,4.625123
honds,0,4.459751
honed,0,4.930459
honer,0,5.245898
hones,0,5.072111
honey,1,4.841992
hongi,0,4.320086
hongs,0,4.373521
honks,0,4.232060
honky,0,4.040616
honor,1,4.315412
hooch,0,3.170203
hoods,0,3.818100
hoody,0,3.655518
hooey,0,4.208388
hoofs,0,3.588035
hooka,0,3.741353
hooks,0,3.593612
hooky,0,3.406530
hooly,0,3.983004
hoons,0,4.088373
hoops,0,3.778104
hoord,0,4.125254
hoors,0,4.251767
hoosh,0,3.368579
hoots,0,4.149405
hooty,0,3.969246
hoove,0,3.919541
hopak,0,4.239576
hoped,0,4.645551
hoper,0,4.996376
hopes,0,4.794834
hoppy,0,3.422460
horah,0,4.365948
horal,0,5.192365
horas,0,5.103896
horde,1,5.123125
horis,0,4.956095
horks,0,4.437889
horme,0,5.035476
horns,0,4.918086
horny,1,4.743911
horse,1,5.421085
horst,0,5.169029
horsy,0,4.792723
hosed,0,4.900373
hosel,0,5.205191
hosen,0,5.107881
hoser,0,5.258642
hoses,0,4.319496
hosey,0,4.834714
hosta,0,4.925855
hosts,0,4.031715
hotch,0,3.853594
hotel,1,5.266515
hoten,0,5.179187
hotly,1,4.671106
hotty,0,3.923445
houff,0,3.297572
houfs,0,4.123133
hough,0,3.529126
hound,1,4.456659
houri,0,4.711829
hours,0,4.784782
house,1,5.098863
houts,0,4.676669
hovea,0,4.597229
hoved,0,4.325938
hovel,1,4.619436
hoven,0,4.520353
hover,1,4.675810
hoves,0,4.474941
howbe,0,4.259920
howdy,1,3.775594
howes,0,4.550650
howff,0,2.879913
howfs,0,3.716722
howks,0,3.725099
howls,0,4.279440
howre,0,4.856096
howso,0,3.613197
hoxed,0,4.102376
hoxes,0,4.248117
hoyas,0,4.657372
hoyed,0,4.606666
hoyle,0,4.938999
hubby,0,3.033729
hucks,0,3.783290
hudna,0,4.409365
hudud,0,2.677753
huers,0,4.935080
huffs,0,3.100557
huffy,0,2.933828
huger,0,4.731841
huggy,0,3.131240
huhus,0,2.729338
huias,0,4.748184
hulas,0,4.718447
hules,0,4.909419
hulks,0,4.047175
hulky,0,3.853959
hullo,0,3.926319
hulls,0,3.866142
hully,0,3.670275
human,1,4.383928
humas,0,4.345415
humfs,0,3.656032
humic,0,4.015280
humid,1,4.059525
humor,1,4.519259
humph,1,3.101137
humps,0,3.844348
humpy,0,3.668133
humus,1,3.300247
hunch,1,3.562242
hunks,0,3.976795
hunky,1,3.789888
hunts,0,4.520735
hurds,0,4.411126
hurls,0,4.698311
hurly,0,4.509969
hurra,0,4.203275
hurry,1,3.860192
hurst,0,4.926498
hurts,0,4.734121
hushy,0,3.401146
husks,0,3.234036
husky,1,3.793352
husos,0,3.792636
hussy,1,3.604844
hutch,1,3.630120
hutia,0,4.704027
huzza,0,2.850843
huzzy,0,2.527402
hwyls,0,3.874500
hydra,0,4.431755
hydro,1,4.327380
hyena,1,4.734753
hyens,0,4.564774
hygge,0,3.558180
hying,0,4.081323
hykes,0,4.132097
hylas,0,4.577158
hyleg,0,4.409075
hyles,0,4.703094
hylic,0,4.216840
hymen,1,4.350495
hymns,0,3.971100
hynde,0,4.454477
hyoid,0,4.322621
hyped,0,4.214560
hyper,1,4.584162
hypes,0,4.380855
hypha,0,3.324464
hyphy,0,2.325562
hypos,0,4.108381
hyrax,0,3.966491
hyson,0,4.412080
hythe,0,3.914988
iambi,0,3.494557
iambs,0,4.294173
ibrik,0,3.425701
icers,0,5.000437
iched,0,4.463611
iches,0,4.591851
ichor,0,4.581298
icier,0,4.498289
icily,1,3.827439
icing,1,3.535175
icker,0,4.601297
ickle,0,4.609255
icons,0,4.654198
ictal,0,4.944835
ictic,0,3.111514
ictus,0,4.420455
idant,0,4.951316
ideal,1,5.016658
ideas,0,4.870838
idees,0,4.364100
ident,0,4.913717
idiom,1,3.562432
idiot,1,4.063009
idled,0,4.180407
idler,1,5.055847
idles,0,4.883486
idola,0,4.740388
idols,0,4.626585
idyll,1,3.664054
idyls,0,4.259710
iftar,0,4.805233
igapo,0,4.337691
igged,0,3.770967
igloo,1,3.797169
iglus,0,4.236987
ihram,0,4.681457
ikans,0,4.513592
ikats,0,4.592760
ikons,0,4.329926
ileac,0,5.135550
ileal,0,4.671789
ileum,0,4.688127
ileus,0,4.952528
iliac,1,4.233183
iliad,0,4.258865
ilial,0,3.777118
ilium,0,3.766939
iller,0,4.734147
illth,0,4.117128
image,1,4.822541
imago,0,4.340100
imams,0,3.837793
imari,0,4.082013
imaum,0,3.689199
imbar,0,4.532748
imbed,0,4.258733
imbue,1,4.320215
imide,0,3.966839
imido,0,3.528739
imids,0,3.476054
imine,0,4.194496
imino,0,3.750636
immew,0,3.479608
immit,0,3.053576
immix,0,2.052600
imped,0,4.349024
impel,1,4.644696
impis,0,3.403730
imply,1,4.043235
impot,0,4.382961
impro,0,4.348013
imshi,0,3.286360
imshy,0,3.935083
inane,1,4.718245
inapt,0,4.923052
inarm,0,4.885762
inbox,1,3.586172
inbye,0,4.471335
incel,0,5.038465
incle,0,5.081136
incog,0,4.241800
incur,1,4.647655
incus,0,4.332172
incut,0,4.553662
indew,0,4.372423
index,1,4.065782
india,0,3.895144
indie,0,4.230483
indol,0,4.655686
indow,0,4.034605
indri,0,3.826789
indue,0,4.747921
inept,1,4.879268
inerm,0,4.864418
inert,1,5.339046
infer,1,4.770701
infix,0,2.701110
infos,0,4.247451
infra,0,4.541062
ingan,0,3.869570
ingle,0,4.902208
ingot,1,4.596691
inion,0,3.395248
inked,0,4.376136
inker,0,4.719146
inkle,0,4.717665
inlay,1,4.777161
inlet,1,5.321632
inned,0,4.191873
inner,1,4.516541
innit,0,3.453862
inorb,0,4.623344
input,1,4.455242
inrun,0,4.038962
inset,0,5.272795
inspo,0,4.427881
intel,0,5.254576
inter,1,5.303586
intil,0,4.180895
intis,0,4.035399
intra,0,5.082289
intro,1,4.964252
inula,0,4.752786
inure,0,5.196136
inurn,0,4.068524
inust,0,4.835401
invar,0,4.614301
inwit,0,3.680420
iodic,0,3.760646
iodid,0,3.204938
iodin,0,3.976815
ionic,1,3.984102
iotas,0,5.085465
ippon,0,3.730180
irade,0,5.489154
irate,1,5.831397
irids,0,4.081783
iring,0,3.982246
irked,0,4.691004
iroko,0,3.963036
irone,0,5.499766
irons,0,5.069399
irony,1,4.938573
isbas,0,3.727053
ishes,0,3.978580
isled,0,4.926034
isles,0,4.361258
islet,1,5.303650
isnae,0,5.288372
issei,0,3.497100
issue,1,4.222623
istle,0,5.272351
itchy,1,4.128006
items,0,4.689445
ither,0,5.042277
ivied,0,3.715569
ivies,0,3.866815
ivory,1,4.293439
ixias,0,3.464788
ixnay,0,3.964564
ixora,0,4.323613
ixtle,0,4.549879
izard,0,4.261295
izars,0,4.371530
izzat,0,3.393034
jaaps,0,3.420470
jabot,0,4.157044
jacal,0,3.623701
jacks,0,3.592171
jacky,0,3.413221
jaded,0,3.650346
jades,0,4.378187
jafas,0,3.170754
jaffa,0,2.234170
jagas,0,3.337993
jager,0,4.501054
jaggs,0,3.083667
jaggy,0,2.928704
jagir,0,4.284610
jagra,0,3.498792
jails,0,4.455237
jaker,0,4.284998
jakes,0,4.082882
jakey,0,3.892009
jalap,0,3.502296
jalop,0,4.140657
jambe,0,4.024842
jambo,0,3.542542
jambs,0,3.508676
jambu,0,3.280504
james,0,4.295292
jammy,0,2.927897
jamon,0,4.015955
janes,0,4.614382
janns,0,3.519699
janny,0,3.350461
janty,0,4.148408
japan,0,3.443518
japed,0,4.204061
japer,0,4.558242
japes,0,4.353820
jarks,0,3.985998
jarls,0,4.506565
jarps,0,4.191695
jarta,0,3.916734
jarul,0,4.394402
jasey,0,4.402807
jaspe,0,4.475110
jasps,0,3.225523
jatos,0,4.366724
jauks,0,3.652251
jaunt,1,4.337200
jaups,0,3.856640
javas,0,3.092504
javel,0,4.166189
jawan,0,3.203820
jawed,0,3.959869
jaxie,0,3.946811
jazzy,1,2.309077
jeans,0,4.616372
jeats,0,4.699720
jebel,0,3.705779
jedis,0,4.097141
jeels,0,3.923184
jeely,0,3.711517
jeeps,0,3.549639
jeers,0,4.012304
jeeze,0,2.420055
jefes,0,3.432499
jeffs,0,2.894665
jehad,0,4.046996
jehus,0,3.798156
jelab,0,4.202389
jello,0,3.706445
jells,0,3.674413
jelly,1,3.449331
jembe,0,3.276769
jemmy,0,2.913581
jenny,0,3.327206
jeons,0,4.407494
jerid,0,4.387942
jerks,0,3.996425
jerky,1,3.771577
jerry,0,3.651347
jesse,0,3.333299
jests,0,3.611659
jesus,0,3.351434
jetes,0,3.979496
jeton,0,4.431318
jetty,1,3.467381
jeune,0,3.920163
jewed,0,3.264816
jewel,1,3.558523
jewie,0,3.556261
jhala,0,3.504638
jiaos,0,4.322359
jibba,0,2.912335
jibbs,0,2.764047
jibed,0,3.918258
jiber,0,4.268788
jibes,0,4.057964
jiffs,0,2.656776
jiffy,1,2.508101
jiggy,0,2.699811
jigot,0,3.978685
jihad,0,3.785119
jills,0,3.435248
jilts,0,4.187377
jimmy,0,2.719577
jimpy,0,3.277999
jingo,0,3.709912
jinks,0,3.535069
jinne,0,3.772918
jinni,0,2.467956
jinns,0,3.287294
jirds,0,3.991380
jirga,0,4.077454
jirre,0,4.107389
jisms,0,2.969226
jived,0,3.680627
jiver,0,4.032239
jives,0,3.830490
jivey,0,3.637552
jnana,0,2.851123
jobed,0,3.947101
jobes,0,4.072809
jocko,0,2.772779
jocks,0,3.413864
jocky,0,3.238653
jocos,0,3.243631
jodel,0,4.379185
joeys,0,4.017855
johns,0,3.809854
joins,0,4.189326
joint,1,4.401707
joist,1,4.477563
joked,0,3.762789
joker,1,4.107499
jokes,0,3.912439
jokey,0,3.720413
jokol,0,3.051068
joled,0,4.377133
joles,0,4.517248
jolls,0,3.480311
jolly,1,3.297797
jolts,0,4.236191
jolty,0,4.044649
jomon,0,3.125976
jomos,0,3.086281
jones,0,4.454609
jongs,0,3.744387
jonty,0,3.982755
jooks,0,2.962086
joram,0,4.217643
jorum,0,3.853958
jotas,0,4.356822
jotty,0,3.318739
jotun,0,4.056561
joual,0,4.265819
jougs,0,3.641974
jouks,0,3.484525
joule,0,4.524256
jours,0,4.159580
joust,1,4.254500
jowar,0,4.083760
jowed,0,3.785590
jowls,0,3.658545
jowly,0,3.487380
joyed,0,4.005140
jubas,0,3.673904
jubes,0,3.858774
jucos,0,3.753478
judas,0,3.811532
judge,1,3.767504
judgy,0,3.131525
judos,0,3.681855
jugal,0,3.865188
jugum,0,2.389555
juice,1,4.335291
juicy,1,3.689060
jujus,0,2.038309
juked,0,3.553559
jukes,0,3.705935
jukus,0,2.476702
julep,0,4.084719
jumar,0,4.026947
jumbo,1,3.141340
jumby,0,2.929859
jumps,0,3.216195
jumpy,1,3.057808
junco,0,3.782051
junks,0,3.339911
junky,0,3.163381
junta,1,4.060523
junto,1,3.963396
jupes,0,3.965340
jupon,0,3.694767
jural,0,4.343701
jurat,0,4.481934
jurel,0,4.521091
jures,0,4.419108
juror,1,3.592753
justs,0,3.160137
jutes,0,4.291196
jutty,0,3.060698
juves,0,3.646073
juvie,0,3.787461
kaama,0,2.915262
kabab,0,2.793714
kabar,0,3.943280
kabob,0,3.444295
kacha,0,3.498654
kacks,0,3.536439
kadai,0,3.713138
kades,0,4.718326
kadis,0,4.401808
kafir,0,4.472303
kagos,0,4.326910
kagus,0,4.094996
kahal,0,3.827198
kaiak,0,3.297010
kaids,0,4.446589
kaies,0,5.037722
kaifs,0,4.220716
kaika,0,3.186342
kaiks,0,3.825133
kails,0,4.793366
kaims,0,4.373481
kaing,0,4.345044
kains,0,4.689313
kakas,0,3.089313
kakis,0,3.734829
kalam,0,3.773811
kales,0,5.024676
kalif,0,4.290346
kalis,0,4.709148
kalpa,0,3.742422
kamas,0,3.676949
kames,0,4.635858
kamik,0,3.517184
kamis,0,4.318891
kamme,0,3.923985
kanae,0,4.467016
kanas,0,4.004352
kandy,0,4.189766
kaneh,0,4.818714
kanes,0,4.953056
kanga,0,3.625020
kangs,0,4.254310
kanji,0,3.665014
kants,0,4.672192
kanzu,0,3.537504
kaons,0,4.714883
kapas,0,3.739230
kaphs,0,4.061210
kapok,0,3.577572
kapow,0,3.915144
kappa,1,2.844282
kapus,0,4.160626
kaput,0,4.380588
karas,0,4.209448
karat,0,4.428515
karks,0,3.938374
karma,1,3.848014
karns,0,4.811379
karoo,0,4.191311
karos,0,4.862728
karri,0,4.127090
karst,0,5.086388
karsy,0,4.710639
karts,0,4.895082
karzy,0,3.820707
kasha,0,3.677084
kasme,0,4.763684
katal,0,4.181813
katas,0,4.062918
katis,0,4.705184
katti,0,3.952449
kaugh,0,4.032284
kauri,0,4.567555
kauru,0,3.823613
kaury,0,4.494649
kaval,0,3.555371
kavas,0,3.439672
kawas,0,3.501763
kawau,0,3.257839
kawed,0,4.296035
kayak,1,2.929084
kayle,0,4.874220
kayos,0,4.402056
kazis,0,3.815806
kazoo,0,3.134538
kbars,0,4.348342
kebab,1,3.647934
kebar,0,4.783290
kebob,0,3.449121
kecks,0,3.545544
kedge,0,3.796474
kedgy,0,3.870569
keech,0,3.824259
keefs,0,3.683661
keeks,0,3.285411
keels,0,4.266468
keema,0,4.004206
keeno,0,4.186064
keens,0,4.178915
keeps,0,3.893398
keets,0,4.245048
keeve,0,3.001828
kefir,0,4.480797
kehua,0,4.290553
keirs,0,4.926499
kelep,0,4.140048
kelim,0,4.464149
kells,0,4.024705
kelly,0,3.798740
kelps,0,4.410585
kelpy,0,4.208835
kelts,0,4.766399
kelty,0,4.540779
kembo,0,3.912368
kembs,0,3.872649
kemps,0,4.007041
kempt,0,4.210772
kempy,0,3.815885
kenaf,0,4.442259
kench,0,4.259845
kendo,0,4.402170
kenos,0,4.655473
kente,0,4.428622
kents,0,4.697442
kepis,0,4.409106
kerbs,0,4.413949
kerel,0,4.564390
kerfs,0,4.343212
kerky,0,3.724618
kerma,0,4.687730
kerne,0,4.567902
kerns,0,4.813224
keros,0,4.865014
kerry,0,4.001797
kerve,0,3.968106
kesar,0,5.142022
kests,0,3.950561
ketas,0,4.917574
ketch,0,4.330239
ketes,0,4.320643
ketol,0,4.870977
kevel,0,3.827826
kevil,0,4.260308
kexes,0,3.444446
keyed,0,3.823714
keyer,0,4.186262
khadi,0,4.095250
khafs,0,3.907156
khaki,1,3.460780
khans,0,4.394106
khaph,0,3.350718
khats,0,4.469389
khaya,0,3.474966
khazi,0,3.500636
kheda,0,4.304534
kheth,0,3.663565
khets,0,4.427478
khoja,0,3.509931
khors,0,4.391444
khoum,0,3.776802
khuds,0,3.736498
kiaat,0,4.298988
kiack,0,3.739749
kiang,0,4.329426
kibbe,0,3.628500
kibbi,0,2.307251
kibei,0,3.604388
kibes,0,4.401637
kibla,0,4.262655
kicks,0,3.313017
kicky,0,3.140891
kiddo,0,3.362171
kiddy,0,3.160195
kidel,0,4.697244
kidge,0,4.301129
kiefs,0,4.186660
kiers,0,4.851451
kieve,0,3.805049
kievs,0,4.075324
kight,0,3.942301
kikes,0,3.851607
kikoi,0,2.720627
kiley,0,4.650221
kilim,0,3.434646
kills,0,3.784716
kilns,0,4.445041
kilos,0,4.509883
kilps,0,4.172265
kilts,0,4.530529
kilty,0,4.350971
kimbo,0,3.686772
kinas,0,4.573272
kinda,0,4.271359
kinds,0,4.104169
kindy,0,3.945373
kines,0,4.751606
kings,0,4.016285
kinin,0,2.923623
kinks,0,3.477302
kinky,1,3.301986
kinos,0,4.426700
kiore,0,5.128730
kiosk,1,3.753369
kipes,0,4.509157
kippa,0,3.415498
kipps,0,3.264070
kirby,0,4.026765
kirks,0,3.703503
kirns,0,4.578176
kirri,0,3.175475
kisan,0,4.639481
kissy,0,3.530768
kists,0,3.708657
kited,0,4.679205
kiter,0,5.028560
kites,0,4.830459
kithe,0,4.653058
kiths,0,4.150106
kitty,1,3.623515
kitul,0,4.446210
kivas,0,4.018245
kiwis,0,3.142807
klang,0,4.360904
klaps,0,4.421115
klett,0,4.178099
klick,0,3.571327
klieg,0,4.600548
kliks,0,3.628640
klong,0,4.169344
kloof,0,3.423720
kluge,0,4.449978
klutz,0,3.593183
knack,1,3.596888
knags,0,4.207216
knaps,0,4.260211
knarl,0,4.822357
knars,0,4.707102
knaur,0,4.667599
knave,1,4.433022
knawe,0,4.510781
knead,1,4.565740
kneed,1,4.015030
kneel,1,4.321259
knees,0,4.171536
knell,0,3.985628
knelt,1,4.772507
knife,1,4.347420
knish,0,4.271352
knits,0,4.426424
knive,0,4.225080
knobs,0,3.937754
knock,1,3.417121
knoll,1,3.841885
knops,0,4.073680
knosp,0,4.202334
knots,0,4.442658
knout,0,4.414766
knowe,0,4.286595
known,1,3.152529
knows,0,3.835650
knubs,0,3.709864
knurl,0,4.416820
knurr,0,3.784038
knurs,0,4.300955
knuts,0,4.205526
koala,1,4.164266
koans,0,4.716855
koaps,0,4.429826
koban,0,4.314911
kobos,0,3.379362
koels,0,4.786938
koffs,0,3.061603
kofta,0,4.195499
kogal,0,4.448428
kohas,0,4.330803
kohen,0,4.523080
kohls,0,4.218800
koine,0,4.949447
kojis,0,3.625740
kokam,0,3.435174
kokas,0,3.722109
koker,0,4.065520
kokra,0,3.872432
kokum,0,3.088521
kolas,0,4.687239
kolos,0,3.817759
kombu,0,3.495355
konbu,0,3.831745
kondo,0,3.542451
konks,0,3.549343
kooks,0,2.916320
kooky,0,2.736838
koori,0,3.932331
kopek,0,3.712379
kophs,0,3.889587
kopje,0,3.784911
koppa,0,3.461490
korai,0,4.726271
koras,0,4.840721
korat,0,5.069283
kores,0,4.969470
korma,0,4.458255
koros,0,3.959112
korun,0,4.528620
korus,0,4.474316
koses,0,4.050425
kotch,0,4.171899
kotos,0,3.822223
kotow,0,3.370028
koura,0,4.622342
kraal,0,4.329863
krabs,0,4.430626
kraft,0,4.604647
krais,0,4.875881
krait,0,5.124580
krang,0,4.514975
krans,0,4.823383
kranz,0,4.084733
kraut,0,4.911191
krays,0,4.548561
kreep,0,4.261437
kreng,0,4.469018
krewe,0,4.039564
krill,1,4.090783
krona,0,4.812842
krone,0,5.079938
kroon,0,4.032083
krubi,0,3.994425
krunk,0,3.616193
ksars,0,3.937819
kubie,0,4.363657
kudos,0,4.031965
kudus,0,3.103655
kudzu,0,2.264022
kufis,0,3.782504
kugel,0,4.406805
kuias,0,4.473679
kukri,0,3.438354
kukus,0,2.430649
kulak,0,3.646452
kulan,0,4.492146
kulas,0,4.460059
kulfi,0,3.729568
kumis,0,3.925546
kumys,0,3.560286
kuris,0,4.455503
kurre,0,4.252000
kurta,0,4.640769
kurus,0,3.544298
kusso,0,3.567061
kutas,0,4.466794
kutch,0,3.940895
kutis,0,4.321552
kutus,0,3.404798
kuzus,0,2.515466
kvass,0,3.308684
kvell,0,3.443770
kwela,0,4.348140
kyack,0,3.396491
kyaks,0,3.449858
kyang,0,4.021548
kyars,0,4.520312
kyats,0,4.418499
kybos,0,3.742995
kydst,0,4.023876
kyles,0,4.461664
kylie,0,4.604219
kylin,0,4.192143
kylix,0,3.394664
kyloe,0,4.583929
kynde,0,4.197918
kynds,0,3.739491
kypes,0,4.126549
kyrie,0,4.724944
kytes,0,4.441130
kythe,0,4.255214
laari,0,4.682945
labda,0,3.900204
label,1,4.543524
labia,0,4.180783
labis,0,4.802377
labor,1,5.074018
labra,0,4.285575
laced,0,5.187132
lacer,0,5.498008
laces,0,5.334403
lacet,0,5.548399
lacey,0,5.134647
lacks,0,4.475466
laddy,0,3.917496
laded,0,4.538502
laden,1,5.315048
lader,0,5.426890
lades,0,5.256643
ladle,1,4.741201
laers,0,5.556381
laevo,0,4.812748
lagan,0,4.256700
lager,1,5.337209
lahal,0,3.645081
lahar,0,4.476325
laich,0,4.968788
laics,0,5.140584
laids,0,4.987024
laigh,0,4.783550
laika,0,4.127354
laiks,0,4.760642
laird,0,5.258392
lairs,0,5.376382
lairy,0,5.210735
laith,0,5.179503
laity,0,5.145724
laked,0,4.821901
laker,0,5.131231
lakes,0,4.970304
lakhs,0,4.338888
lakin,0,4.704466
laksa,0,4.047382
laldy,0,4.040341
lalls,0,3.667107
lamas,0,4.201701
lambs,0,4.383855
lamby,0,4.238586
lamed,0,5.027315
lamer,0,5.319061
lames,0,5.167591
lamia,0,4.211533
lammy,0,3.809407
lamps,0,4.517000
lanai,0,4.466494
lanas,0,4.520082
lance,1,5.521382
lanch,0,4.843507
lande,0,5.372505
lands,0,4.867448
lanes,0,5.479720
lanks,0,4.638799
lanky,1,4.462394
lants,0,5.189182
lapel,1,4.645240
lapin,0,4.960930
lapis,0,4.917485
lapje,0,4.522969
lapse,1,5.432352
larch,0,5.024752
lards,0,5.043396
lardy,0,4.887752
laree,0,5.312384
lares,0,5.628996
large,1,5.445789
largo,0,5.025073
laris,0,5.338675
larks,0,4.826035
larky,0,4.643830
larns,0,5.283748
larnt,0,5.489114
larum,0,4.848955
larva,1,4.090993
lased,0,5.316607
laser,0,5.627303
lases,0,4.739802
lassi,0,4.378399
lasso,1,4.464675
lassu,0,4.219073
lassy,0,4.277829
lasts,0,4.450670
latah,0,4.451267
latch,1,4.891674
lated,0,5.405894
laten,0,5.591816
later,1,5.706089
latex,0,4.795811
lathe,1,5.397525
lathi,0,4.844692
laths,0,4.891566
lathy,0,4.737229
latke,0,5.202874
latte,1,5.022392
latus,0,5.007995
lauan,0,4.472295
lauch,0,4.743023
lauds,0,4.768214
laufs,0,4.533685
laugh,1,4.562380
laund,0,4.870992
laura,0,4.535323
laval,0,3.362791
lavas,0,3.965039
laved,0,4.761423
laver,0,5.066073
laves,0,4.906563
lavra,0,4.081849
lavvy,0,3.508333
lawed,0,4.840027
lawer,0,5.145029
lawin,0,4.712373
lawks,0,4.160747
lawns,0,4.654027
lawny,0,4.490247
laxed,0,4.536346
laxer,0,4.842273
laxes,0,4.681251
laxly,0,3.478243
layed,0,5.051409
layer,1,5.360411
layin,0,4.964470
layup,0,4.515202
lazar,0,3.970013
lazed,0,4.530162
lazes,0,4.673668
lazos,0,4.359203
lazzi,0,3.307899
lazzo,0,3.401325
leach,1,5.178764
leads,0,5.230806
leady,0,5.031002
leafs,0,4.991741
leafy,1,4.809099
leaks,0,4.987821
leaky,1,4.765306
leams,0,5.154046
leans,0,5.480216
leant,1,5.684574
leany,0,5.284574
leaps,0,5.203298
leapt,1,5.418120
leare,0,5.344437
learn,1,5.656074
lears,0,5.602979
leary,0,5.428538
lease,1,5.248506
leash,1,5.361860
least,1,5.751646
leats,0,5.561156
leave,1,4.594842
leavy,0,4.701700
leaze,0,4.370417
leben,0,4.477339
leccy,0,4.049702
ledes,0,4.563665
ledge,1,4.346720
ledgy,0,4.424727
ledum,0,4.499079
leear,0,5.114015
leech,1,4.416285
leeks,0,4.222390
leeps,0,4.432719
leers,0,4.844887
leery,1,4.663702
leese,0,4.207138
leets,0,4.780313
leeze,0,3.318396
lefte,0,4.484648
lefts,0,4.754457
lefty,1,4.547276
legal,1,4.470662
leger,0,4.640027
leges,0,4.473533
legge,0,3.733871
leggo,0,4.023627
leggy,1,3.800314
legit,0,5.086851
lehrs,0,4.976731
lehua,0,4.825479
leirs,0,5.427680
leish,0,5.181493
leman,0,5.089028
lemed,0,4.333072
lemel,0,3.896271
lemes,0,4.469876
lemma,0,4.167375
lemme,0,3.734435
lemon,1,4.904485
lemur,1,4.907576
lends,0,4.889255
lenes,0,4.790869
lengs,0,4.787742
lenis,0,5.203497
lenos,0,5.187571
lense,0,4.952772
lenti,0,5.190488
lento,0,5.251036
leone,0,5.012113
leper,1,4.696724
lepid,0,4.800997
lepra,0,5.229600
lepta,0,5.161672
lered,0,4.809930
leres,0,4.947956
lerps,0,5.039423
lesbo,0,4.768356
leses,0,4.056500
lests,0,4.483555
letch,0,4.892268
lethe,0,4.681641
letup,0,4.861083
leuch,0,4.764998
leuco,0,4.998624
leuds,0,4.816565
leugh,0,4.584401
levas,0,4.814467
levee,0,3.557849
level,1,3.629281
lever,1,4.369764
leves,0,4.210770
levin,0,4.686213
levis,0,4.646276
lewis,0,4.713475
lexes,0,3.981032
lexis,0,4.393421
lezes,0,3.971782
lezza,0,3.573191
lezzy,0,3.201302
liana,0,4.582717
liane,0,5.684230
liang,0,4.879816
liard,0,5.237352
liars,0,5.343365
liart,0,5.586291
libel,1,4.361186
liber,0,5.099405
libra,0,4.858982
libri,0,3.907166
lichi,0,3.626205
licht,0,4.627924
licit,0,4.235063
licks,0,4.259699
lidar,0,5.143627
lidos,0,4.744624
liefs,0,4.727987
liege,1,4.620198
liens,0,5.210568
liers,0,5.352523
lieus,0,5.022125
lieve,0,4.346923
lifer,0,4.974662
lifes,0,4.820156
lifts,0,4.519342
ligan,0,4.818613
liger,0,5.142344
ligge,0,4.224806
light,1,4.475690
ligne,0,5.056860
liked,0,4.632488
liken,1,4.821467
liker,0,4.940432
likes,0,4.788392
likin,0,3.714130
lilac,1,4.282335
lills,0,3.460187
lilos,0,4.316388
lilts,0,4.342314
liman,0,4.823987
limas,0,4.790189
limax,0,4.025120
limba,0,4.324393
limbi,0,3.372987
limbo,1,4.216988
limbs,0,4.172765
limby,0,4.031344
limed,0,4.830381
limen,0,5.012779
limes,0,4.981427
limey,0,4.793781
limit,1,4.071705
limma,0,3.889228
limns,0,4.591479
limos,0,4.662379
limpa,0,4.451644
limps,0,4.307879
linac,0,4.919797
linch,0,4.596853
linds,0,4.638528
lindy,0,4.479895
lined,0,5.127894
linen,1,4.595056
liner,1,5.404407
lines,0,5.283010
liney,0,5.086220
linga,0,4.697200
lingo,1,4.579861
lings,0,4.543714
lingy,0,4.395306
linin,0,3.461184
links,0,4.408525
linky,0,4.229574
linns,0,4.169883
linny,0,4.001450
linos,0,4.958803
lints,0,4.970757
linty,0,4.789697
linum,0,4.455477
linux,0,3.980205
lions,0,5.044099
lipas,0,4.850091
lipes,0,5.046352
lipid,1,3.773288
lipin,0,3.963763
lipos,0,4.715638
lippy,0,3.643578
liras,0,5.276063
lirks,0,4.596276
lirot,0,5.373377
lisks,0,3.695497
lisle,0,4.765060
lisps,0,3.895756
lists,0,4.242888
litai,0,4.379020
litas,0,5.175037
lited,0,5.214588
liter,0,5.515198
lites,0,5.368058
lithe,1,5.176085
litho,0,4.719653
liths,0,4.676336
litre,0,5.616374
lived,0,4.561547
liven,0,4.752152
liver,1,4.867697
lives,0,4.712241
livid,1,3.469661
livor,0,4.661214
livre,0,4.973840
llama,1,3.545608
llano,0,4.548463
loach,0,4.965940
loads,0,5.001991
loafs,0,4.762108
loams,0,4.917350
loamy,1,4.768315
loans,0,5.251500
loast,0,5.514858
loath,1,5.176108
loave,0,5.096156
lobar,0,5.066388
lobby,1,3.554405
lobed,0,4.823265
lobes,0,4.948178
lobos,0,3.916966
lobus,0,4.424627
local,1,4.415036
loche,0,4.979680
lochs,0,4.488803
locie,0,5.325616
locis,0,4.853727
locks,0,4.301940
locos,0,4.127707
locum,0,4.376957
locus,1,4.635696
loden,0,5.139628
lodes,0,5.088925
lodge,1,4.879699
loess,0,4.531875
lofts,0,4.564592
lofty,1,4.391619
logan,0,4.870168
loges,0,5.008553
loggy,0,3.648631
logia,0,4.791487
logic,1,4.521736
logie,0,5.156870
login,1,4.726669
logoi,0,3.928271
logon,0,4.016274
logos,0,3.976334
lohan,0,4.886053
loids,0,4.827499
loins,0,5.060094
loipe,0,5.263615
loirs,0,5.212699
lokes,0,4.803229
lolls,0,3.508635
lolly,0,3.316577
lolog,0,3.358633
lomas,0,4.829903
lomed,0,4.857565
lomes,0,5.002340
loner,0,5.440604
longa,0,4.767849
longe,0,5.082910
longs,0,4.611901
looby,0,3.776765
looed,0,4.548758
looey,0,4.498124
loofa,0,3.995361
loofs,0,3.842342
looie,0,4.815049
looks,0,3.853736
looky,0,3.679829
looms,0,3.999187
loons,0,4.336363
loony,0,4.193924
loops,0,4.041558
loopy,1,3.895932
loord,0,4.356965
loose,1,4.838171
loots,0,4.414239
loped,0,4.919231
loper,0,5.216822
lopes,0,5.065709
loppy,0,3.692601
loral,0,4.744401
loran,0,5.344972
lords,0,4.873691
lordy,0,4.725949
lorel,0,4.900512
lores,0,5.459773
loric,0,5.015910
loris,0,5.173763
lorry,1,4.353025
losed,0,5.164339
losel,0,4.755031
losen,0,5.358971
loser,1,5.464574
loses,0,4.588716
lossy,0,4.114492
lotah,0,5.072974
lotas,0,5.216765
lotes,0,5.381191
lotic,0,4.918757
lotos,0,4.358510
lotsa,0,5.234782
lotta,0,4.529647
lotte,0,4.841281
lotto,0,3.726226
lotus,0,4.858026
loued,0,5.062164
lough,0,4.398935
louie,0,5.308301
louis,0,4.881483
louma,0,4.620430
lound,0,4.710795
louns,0,4.848039
loupe,0,5.041870
loups,0,4.577087
loure,0,5.460885
lours,0,4.993055
loury,0,4.849983
louse,1,5.356775
lousy,1,4.762733
louts,0,4.935249
lovat,0,4.807543
loved,0,4.598031
lover,1,4.896049
loves,0,4.744707
lovey,0,4.556427
lovie,0,4.886999
lowan,0,4.675887
lowed,0,4.667826
lower,1,4.962441
lowes,0,4.818342
lowly,1,3.619764
lownd,0,4.318688
lowne,0,4.928358
lowns,0,4.471235
lowps,0,4.172878
lowry,0,4.452414
lowse,0,4.988326
lowts,0,4.543212
loxed,0,4.370449
loxes,0,4.513746
loyal,1,4.308714
lozen,0,4.540699
luach,0,4.748883
luaus,0,4.183583
lubed,0,4.615621
lubes,0,4.744980
lubra,0,4.669920
luces,0,4.950113
lucid,1,4.483418
lucks,0,4.064125
lucky,1,3.894740
lucre,0,5.209917
ludes,0,4.885013
ludic,0,4.388016
ludos,0,4.567324
luffa,0,3.513849
luffs,0,3.351812
luged,0,4.659599
luger,0,4.952645
luges,0,4.787289
lulls,0,3.265146
lulus,0,3.221249
lumas,0,4.593399
lumbi,0,3.944514
lumen,1,4.807490
lumme,0,4.030737
lummy,0,3.394454
lumps,0,4.104561
lumpy,1,3.951714
lunar,1,5.147783
lunas,0,4.903930
lunch,1,4.426528
lunes,0,5.099115
lunet,0,5.307756
lunge,1,4.845502
lungi,0,4.326201
lungs,0,4.355900
lunks,0,4.219209
lunts,0,4.773498
lupin,0,4.571771
lupus,1,3.619804
lurch,1,4.609327
lured,0,5.117238
lurer,0,4.648013
lures,0,5.250113
lurex,0,4.503341
lurgi,0,4.525666
lurgy,0,4.405382
lurid,1,4.813843
lurks,0,4.403183
lurry,0,4.099198
lurve,0,4.774830
luser,0,5.251727
lushy,0,4.267701
lusks,0,3.497646
lusts,0,4.041708
lusty,1,4.603351
lusus,0,3.130358
lutea,0,5.315442
luted,0,5.031523
luter,0,5.328448
lutes,0,5.168597
luvvy,0,3.106736
luxed,0,4.164329
luxer,0,4.461507
luxes,0,4.303199
lweis,0,4.684585
lyams,0,4.569398
lyard,0,4.892255
lyart,0,5.228680
lyase,0,5.387799
lycea,0,4.926950
lycee,0,4.430861
lycra,0,4.725872
lying,1,4.347538
lymes,0,4.604658
lymph,1,3.795561
lynch,1,4.242357
lynes,0,4.912872
lyres,0,5.068268
lyric,1,4.610424
lysed,0,4.739138
lyses,0,4.177499
lysin,0,4.662511
lysis,0,3.889093
lysol,0,4.047474
lyssa,0,4.052440
lyted,0,4.819262
lytes,0,4.978418
lythe,0,4.766844
lytic,0,4.514589
lytta,0,4.126779
maaed,0,4.463039
maare,0,4.911275
maars,0,4.419436
mabes,0,4.783502
macas,0,4.030292
macaw,1,3.570837
maced,0,4.850108
macer,0,5.194141
maces,0,4.992854
mache,0,4.835726
machi,0,4.278071
macho,1,4.367364
machs,0,4.326974
macks,0,4.131128
macle,0,5.225452
macon,0,4.727450
macro,1,4.872578
madam,1,3.167532
madge,0,4.719120
madid,0,3.875836
madly,1,4.479559
madre,0,5.248892
maerl,0,5.379138
mafia,1,3.721405
mafic,0,4.187230
mages,0,4.836806
maggs,0,3.627036
magic,1,4.341040
magma,1,2.982518
magot,0,4.737383
magus,0,4.294434
mahoe,0,4.988553
mahua,0,3.698759
mahwa,0,3.345902
maids,0,4.647482
maiko,0,4.388052
maiks,0,4.411609
maile,0,5.467955
maill,0,4.383827
mails,0,4.985818
maims,0,4.053995
mains,0,4.893615
maire,0,5.558678
mairs,0,5.082269
maise,0,5.436898
maist,0,5.182230
maize,1,4.547574
major,1,4.295487
makar,0,3.985081
maker,1,4.825971
makes,0,4.624102
makis,0,4.322500
makos,0,4.322315
malam,0,3.444967
malar,0,4.504944
malas,0,4.242046
malax,0,3.477795
males,0,5.216873
malic,0,4.721841
malik,0,4.495617
malis,0,4.900783
malls,0,4.180106
malms,0,4.006514
malmy,0,3.843427
malts,0,4.927364
malty,0,4.743331
malus,0,4.673445
malva,0,3.627001
malwa,0,3.688378
mamas,0,3.343979
mamba,0,2.883988
mambo,1,3.556065
mamee,0,3.981663
mamey,0,4.115208
mamie,0,4.462158
mamma,1,2.398620
mammy,1,2.896407
manas,0,4.191621
manat,0,4.403597
mandi,0,4.488892
maneb,0,4.788346
maned,0,5.005346
maneh,0,5.011520
manes,0,5.144257
manet,0,5.357517
manga,1,3.816459
mange,1,4.922965
mango,1,4.477047
mangs,0,4.445983
mangy,1,4.298167
mania,1,4.199579
manic,1,4.651981
manis,0,4.833118
manky,0,4.129442
manly,1,4.692877
manna,0,3.418146
manor,1,5.112607
manos,0,4.835853
manse,0,5.343396
manta,0,4.232030
manto,0,4.893516
manty,0,4.685578
manul,0,4.756976
manus,0,4.612001
mapau,0,3.699425
maple,1,5.105212
maqui,0,3.646553
marae,0,4.859490
marah,0,4.280772
maras,0,4.403908
march,1,4.739353
marcs,0,4.904905
mardy,0,4.597644
mares,0,5.336513
marge,0,5.150229
margs,0,4.672026
maria,0,4.413836
marid,0,4.902421
marka,0,3.889702
marks,0,4.521602
marle,0,5.527581
marls,0,5.035859
marly,0,4.870195
marms,0,4.161113
maron,0,5.080583
maror,0,4.511075
marra,0,3.748815
marri,0,4.325374
marry,1,4.215978
marse,0,5.551711
marsh,1,4.925994
marts,0,5.089169
marvy,0,4.273497
masas,0,3.441994
mased,0,4.986913
maser,0,5.338280
mases,0,4.405106
mashy,0,4.334435
masks,0,3.558646
mason,1,4.875990
massa,0,3.462444
masse,1,4.595726
massy,0,3.943800
masts,0,4.117479
masty,0,4.677848
masus,0,3.858405
matai,0,4.211540
match,1,4.575458
mated,0,5.067440
mater,0,5.406781
mates,0,5.214370
matey,1,5.018217
maths,0,4.565213
matin,0,4.947481
matlo,0,4.968194
matte,0,4.688421
matts,0,4.190281
matza,0,3.388886
matzo,0,4.063159
mauby,0,4.101264
mauds,0,4.432147
mauls,0,4.761077
maund,0,4.532249
mauri,0,4.769871
mausy,0,4.595636
mauts,0,4.764451
mauve,1,4.533132
mauzy,0,3.686391
maven,0,4.611739
mavie,0,4.715874
mavin,0,4.318024
mavis,0,4.275603
mawed,0,4.503102
mawks,0,3.808463
mawky,0,3.630630
mawns,0,4.313784
mawrs,0,4.485747
maxed,0,4.198482
maxes,0,4.341134
maxim,1,3.215782
maxis,0,4.020128
mayan,0,4.001540
mayas,0,3.951799
maybe,1,4.583272
mayed,0,4.716519
mayor,1,4.883015
mayos,0,4.593932
mayst,0,4.819789
mazed,0,4.191641
mazer,0,4.533297
mazes,0,4.334431
mazey,0,4.140376
mazut,0,4.013221
mbira,0,4.546165
meads,0,4.901162
meals,0,5.243107
mealy,1,5.032677
meane,0,4.863518
means,0,5.151518
meant,1,5.362752
meany,0,4.950530
meare,0,5.051818
mease,0,4.914433
meath,0,5.071467
meats,0,5.240231
meaty,1,5.014619
mebos,0,4.490629
mecca,1,4.098246
mechs,0,4.346860
mecks,0,4.152057
medal,1,4.965580
media,1,4.778878
medic,1,4.472742
medii,0,3.843701
medle,0,4.445295
meeds,0,4.121292
meers,0,4.566259
meets,0,4.462257
meffs,0,3.454926
meins,0,4.935406
meint,0,5.144828
meiny,0,4.740173
meith,0,4.888825
mekka,0,3.616260
melas,0,5.123155
melba,0,4.656221
melds,0,4.637800
melee,1,3.887237
melic,0,4.773338
melik,0,4.531936
mells,0,4.232047
melon,1,4.946600
melts,0,4.974635
melty,0,4.744005
memes,0,3.612927
memos,0,4.021535
menad,0,4.905159
mends,0,4.552967
mened,0,4.319776
menes,0,4.457350
menge,0,4.207025
mengs,0,4.463063
mensa,0,5.057767
mense,0,4.618776
mensh,0,4.714738
menta,0,5.074965
mento,0,4.920866
menus,0,4.644435
meous,0,4.739673
meows,0,4.422556
merch,0,4.738684
mercs,0,4.928160
mercy,1,4.735620
merde,0,4.524114
mered,0,4.527852
merel,0,4.763402
merer,0,4.048061
meres,0,4.665461
merge,1,4.441606
meril,0,5.197315
meris,0,5.089268
merit,1,5.306925
merks,0,4.544959
merle,0,4.831149
merls,0,5.081200
merry,1,4.209906
merse,0,4.836626
mesal,0,5.193023
mesas,0,4.327853
mesel,0,4.610343
meses,0,3.725890
meshy,0,4.335180
mesic,0,4.706699
mesne,0,4.578037
meson,0,4.902872
messy,0,3.946139
mesto,0,4.935431
metal,1,5.243453
meted,0,4.389650
meter,1,4.733554
metes,0,4.531505
metho,0,4.645895
meths,0,4.602150
metic,0,4.773667
metif,0,4.525976
metis,0,4.949879
metol,0,5.078715
metre,0,4.835335
metro,1,5.128853
meuse,0,4.537026
meved,0,3.735304
meves,0,3.875346
mewed,0,3.821559
mewls,0,4.421848
meynt,0,4.737875
mezes,0,3.641472
mezze,0,2.798317
mezzo,0,3.091687
mhorr,0,4.074385
miaou,0,4.574157
miaow,0,4.406266
miasm,0,4.162745
miaul,0,4.829651
micas,0,4.627279
miche,0,4.608939
micht,0,4.312364
micks,0,3.923122
micky,0,3.754055
micos,0,4.481410
micra,0,4.773340
micro,1,4.670008
middy,0,3.366220
midge,1,4.508008
midgy,0,3.883862
midis,0,3.605466
midst,1,4.623193
miens,0,4.880718
mieve,0,4.014221
miffs,0,3.218730
miffy,0,3.069708
mifty,0,4.024756
miggs,0,3.411689
might,1,4.161096
mihas,0,4.493207
mihis,0,3.561958
miked,0,4.301764
mikes,0,4.456309
mikra,0,4.419814
mikva,0,3.634502
milch,0,4.375859
milds,0,4.396599
miler,0,5.198944
miles,0,5.047207
milfs,0,4.165528
milia,0,4.050469
milko,0,4.200776
milks,0,4.170744
milky,1,3.993183
mille,0,4.493105
mills,0,3.990788
milor,0,4.962633
milos,0,4.714551
milpa,0,4.509851
milts,0,4.733193
milty,0,4.553750
miltz,0,3.946511
mimed,0,3.981506
mimeo,0,4.133388
mimer,0,4.325656
mimes,0,4.132474
mimic,1,2.818530
mimsy,0,3.670941
minae,0,5.229091
minar,0,5.066860
minas,0,4.771140
mince,1,4.937396
mincy,0,4.286795
minds,0,4.306228
mined,0,4.795874
miner,1,5.126933
mines,0,4.950677
minge,0,4.690883
mings,0,4.217632
mingy,0,4.071531
minim,1,3.019858
minis,0,3.828631
minke,0,4.564690
minks,0,4.075312
minny,0,3.673065
minor,1,4.899903
minos,0,4.627602
mints,0,4.648110
minty,1,4.470093
minus,1,4.397457
mired,0,5.016532
mires,0,5.164189
mirex,0,4.399242
mirid,0,3.913629
mirin,0,4.093153
mirks,0,4.306710
mirky,0,4.129795
mirly,0,4.670545
miros,0,4.856754
mirth,1,4.729716
mirvs,0,4.209504
mirza,0,4.112170
misch,0,4.299805
misdo,0,4.368738
miser,1,5.168693
mises,0,4.234302
misgo,0,4.289314
misos,0,3.904444
missa,0,4.042415
missy,1,3.746183
mists,0,3.913264
misty,0,4.481224
mitch,0,4.359718
miter,0,5.230694
mites,0,5.042837
mitis,0,3.916971
mitre,0,5.341713
mitts,0,3.995730
mixed,0,4.004367
mixen,0,4.191185
mixer,0,4.351147
mixes,0,4.152267
mixte,0,4.324770
mixup,0,3.378125
mizen,0,4.193702
mizzy,0,2.664771
mneme,0,3.621967
moans,0,4.928424
moats,0,5.010382
mobby,0,3.213419
mobes,0,4.621146
mobey,0,4.447910
mobie,0,4.783003
moble,0,4.839031
mocha,1,4.315177
mochi,0,4.117240
mochs,0,4.163466
mochy,0,4.006163
mocks,0,3.961518
modal,1,4.739225
model,1,4.918111
modem,1,3.974676
moder,0,4.953860
modes,0,4.756167
modge,0,4.538237
modii,0,3.654319
modus,0,4.235136
moers,0,5.091941
mofos,0,3.477579
moggy,0,3.313150
mogul,1,4.322519
mohel,0,4.840087
mohos,0,3.669974
mohrs,0,4.525798
mohua,0,4.292077
mohur,0,4.488343
moile,0,5.295216
moils,0,4.839515
moira,0,5.033483
moire,0,5.387742
moist,1,5.020707
moits,0,4.845362
mojos,0,3.106434
mokes,0,4.466468
mokis,0,4.171814
mokos,0,3.444537
molal,0,4.266705
molar,1,5.155468
molas,0,4.885506
molds,0,4.447735
moldy,1,4.281450
moled,0,4.924002
moles,0,5.068227
molla,0,4.163344
molls,0,4.037734
molly,0,3.851690
molto,0,4.130705
molts,0,4.788216
molys,0,4.394488
momes,0,4.151737
momma,0,3.024976
mommy,0,2.733481
momus,0,3.626855
monad,0,4.690349
monal,0,4.947855
monas,0,4.829888
monde,0,4.856057
mondo,0,3.739249
moner,0,5.156139
money,1,4.782342
mongo,0,3.632022
mongs,0,4.286319
monic,0,4.499060
monie,0,5.129506
monks,0,4.137920
monos,0,3.954931
monte,0,5.166739
month,1,4.560166
monty,0,4.526277
moobs,0,3.566829
mooch,0,3.724838
moods,0,3.743107
moody,1,3.595812
mooed,0,4.213798
mooks,0,3.510385
moola,0,4.228480
mooli,0,4.041318
mools,0,4.087174
mooly,0,3.928513
moong,0,3.683842
moons,0,4.003839
moony,0,3.859943
moops,0,3.703432
moors,0,4.177963
moory,0,4.035491
moose,1,4.508011
moots,0,4.088325
moove,0,3.848405
moped,0,4.573313
moper,0,4.911880
mopes,0,4.724605
mopey,0,4.532222
moppy,0,3.351677
mopsy,0,4.282017
mopus,0,4.199927
morae,0,5.458782
moral,1,5.126887
moras,0,5.037787
morat,0,5.272920
moray,0,4.885708
morel,0,5.275550
mores,0,5.174234
moria,0,4.967895
morne,0,5.280856
morns,0,4.838650
moron,1,4.184577
morph,1,4.419005
morra,0,4.368986
morro,0,3.573429
morse,0,5.354801
morts,0,4.929469
mosed,0,4.834240
moses,0,4.253065
mosey,0,4.785996
mosks,0,3.405112
mosso,0,3.292515
mossy,1,3.782759
moste,0,5.160534
mosts,0,3.970769
moted,0,4.912959
motel,1,5.199635
moten,0,5.092210
motes,0,5.055948
motet,0,4.522018
motey,0,4.868910
moths,0,4.416846
mothy,0,4.259721
motif,1,4.339827
motis,0,4.759318
motor,1,4.322090
motte,0,4.513588
motto,1,3.396828
motts,0,4.047410
motty,0,3.871888
motus,0,4.534151
motza,0,4.022878
mouch,0,4.249465
moues,0,4.864777
mould,0,4.483329
mouls,0,4.611101
moult,1,4.827599
mound,1,4.377246
mount,1,4.734091
moups,0,4.236450
mourn,1,4.763729
mouse,1,5.027936
moust,0,4.803078
mousy,0,4.435524
mouth,1,4.474652
moved,0,4.262668
mover,1,4.601460
moves,0,4.410108
movie,1,4.547075
mowas,0,4.321768
mowed,0,4.337237
mower,1,4.675722
mowra,0,4.468536
moxas,0,4.017374
moxie,0,4.315032
moyas,0,4.593779
moyle,0,4.895033
moyls,0,4.474837
mozed,0,4.029792
mozes,0,4.175006
mozos,0,3.135084
mpret,0,5.009627
mucho,0,3.989061
mucic,0,3.501821
mucid,0,4.150632
mucin,0,4.334668
mucks,0,3.725046
mucky,1,3.556078
mucor,0,4.613907
mucro,0,4.500988
mucus,1,3.381710
muddy,1,3.167021
mudge,0,4.319782
mudir,0,4.542450
mudra,0,4.517019
muffs,0,3.023814
mufti,0,3.963792
mugga,0,3.384308
muggs,0,3.224349
muggy,0,3.071719
muhly,0,4.005651
muids,0,4.275036
muils,0,4.613653
muirs,0,4.709123
muist,0,4.800715
mujik,0,3.204908
mulch,1,4.183282
mulct,0,4.560891
muled,0,4.711541
mules,0,4.851481
muley,0,4.649252
mulga,0,4.290107
mulie,0,5.001468
mulla,0,3.939548
mulls,0,3.795062
mulse,0,5.011941
mulsh,0,4.385457
mumms,0,2.637258
mummy,1,2.479610
mumps,0,3.240417
mumsy,0,3.457076
mumus,0,2.691342
munch,1,4.098920
munga,0,4.198253
munge,0,4.508332
mungo,0,4.088829
mungs,0,4.028217
munis,0,4.438663
munts,0,4.448964
muntu,0,3.601252
muons,0,4.535370
mural,1,4.889680
muras,0,4.798678
mured,0,4.830035
mures,0,4.963793
murex,0,4.211388
murid,0,4.522031
murks,0,4.104884
murky,1,3.931411
murls,0,4.638375
murly,0,4.466658
murra,0,4.128075
murre,0,4.452651
murri,0,3.944052
murrs,0,3.966915
murry,0,3.808672
murti,0,4.645399
murva,0,4.170335
musar,0,4.903284
musca,0,4.443468
mused,0,4.612395
muser,0,4.971185
muses,0,4.025938
muset,0,4.978625
musha,0,4.260945
mushy,1,3.939818
music,1,4.281323
musit,0,4.666915
musks,0,3.156333
musky,1,3.727695
musos,0,3.713887
musse,0,4.180761
mussy,0,3.544865
musth,0,4.315213
musts,0,3.713771
musty,1,4.284676
mutch,0,4.172433
muted,0,4.700503
muter,0,5.045078
mutes,0,4.840823
mutha,0,4.332873
mutis,0,4.522270
muton,0,4.567469
mutts,0,3.795368
muxed,0,3.826978
muxes,0,3.966830
muzak,0,3.378433
muzzy,0,2.465803
mvule,0,4.375549
myall,0,4.015928
mylar,0,4.776794
mynah,0,4.314159
mynas,0,4.461421
myoid,0,4.262213
myoma,0,3.668359
myope,0,4.495611
myops,0,4.089446
myopy,0,3.289517
myrrh,1,3.651292
mysid,0,4.118029
mythi,0,3.978351
myths,0,3.996007
mythy,0,3.201376
myxos,0,3.497936
mzees,0,3.597034
naams,0,4.122379
naans,0,3.751550
nabes,0,4.994061
nabis,0,4.670590
nabks,0,4.156625
nabla,0,4.073851
nabob,0,3.845977
nache,0,5.041388
nacho,0,4.577335
nacre,0,5.521918
nadas,0,4.174446
nadir,1,5.109361
naeve,0,4.430720
naevi,0,4.615021
naffs,0,3.637696
nagas,0,4.088870
naggy,0,3.671929
nagor,0,5.016985
nahal,0,4.223807
naiad,0,4.381097
naifs,0,4.635092
naiks,0,4.629889
nails,0,5.188017
naira,0,4.663797
nairu,0,5.042213
naive,1,4.975603
naked,0,4.687523
naker,0,5.029498
nakfa,0,3.376547
nalas,0,4.449027
naled,0,5.273379
nalla,0,3.738253
named,0,4.892586
namer,0,5.213813
names,0,5.033405
namma,0,3.185180
namus,0,4.504050
nanas,0,3.683633
nance,0,4.673662
nancy,0,4.003398
nandu,0,3.814289
nanna,0,2.846121
nanny,1,3.322251
nanos,0,4.322628
nanua,0,3.470640
napas,0,4.146754
naped,0,4.951631
napes,0,5.100057
napoo,0,4.103898
nappa,0,3.247571
nappe,0,4.397684
nappy,0,3.724704
naras,0,4.608955
narco,0,5.148654
narcs,0,5.107878
nards,0,4.948978
nares,0,5.531246
naric,0,5.072422
naris,0,5.237178
narks,0,4.724966
narky,0,4.537321
narre,0,5.061528
nasal,1,4.517515
nashi,0,4.645197
nasty,1,4.891009
natal,1,4.580871
natch,0,4.776979
nates,0,5.425731
natis,0,5.114385
natty,0,4.232692
nauch,0,4.611078
naunt,0,4.371996
naval,1,3.949778
navar,0,4.131771
navel,1,4.901001
naves,0,4.776034
navew,0,4.320125
navvy,0,3.373024
nawab,0,3.542407
nazes,0,4.542196
nazir,0,4.517653
nazis,0,4.227039
nduja,0,3.590750
neafe,0,4.592170
neals,0,5.432472
neaps,0,5.074458
nears,0,5.510888
neath,0,5.271676
neats,0,5.442001
nebek,0,3.903531
nebel,0,4.447143
necks,0,4.346417
neddy,0,3.753646
needs,0,4.322354
needy,1,4.118495
neeld,0,4.509934
neele,0,4.101656
neemb,0,3.876135
neems,0,4.244246
neeps,0,4.298018
neese,0,4.065473
neeze,0,3.181912
negro,0,4.931617
negus,0,4.513294
neifs,0,4.669661
neigh,1,4.653281
neist,0,5.425297
neive,0,4.269001
nelis,0,5.141478
nelly,0,4.188356
nemas,0,4.932461
nemns,0,3.987343
nempt,0,4.606889
nenes,0,3.945477
neons,0,4.436106
neper,0,4.593999
nepit,0,5.030001
neral,0,5.516983
nerds,0,4.963234
nerdy,1,4.760672
nerka,0,4.925034
nerks,0,4.730974
nerol,0,5.363050
nerts,0,5.295085
nertz,0,4.529647
nerve,1,4.352801
nervy,0,4.432745
nests,0,4.353833
netes,0,4.728304
netop,0,4.922593
netts,0,4.424887
netty,0,4.210463
neuks,0,4.444965
neume,0,4.329426
neums,0,4.592252
nevel,0,4.220063
never,1,4.269956
neves,0,4.076327
nevus,0,4.285506
newbs,0,4.108790
newed,0,4.022382
newel,0,4.304208
newer,1,4.350396
newie,0,4.308079
newly,1,4.389590
newsy,0,4.388535
newts,0,4.615497
nexts,0,4.292210
nexus,0,4.040818
ngaio,0,4.625703
ngana,0,3.272029
ngati,0,4.644979
ngoma,0,4.250061
ngwee,0,3.867160
nicad,0,4.677087
nicer,1,5.183412
niche,1,4.791144
nicht,0,4.496829
nicks,0,4.113818
nicol,0,4.838504
nidal,0,4.882446
nided,0,4.196375
nides,0,4.928231
nidor,0,4.904877
nidus,0,4.379427
niece,1,4.715021
niefs,0,4.590988
nieve,0,4.207984
nifes,0,4.688580
niffs,0,3.412831
niffy,0,3.265823
nifty,0,4.217820
niger,0,5.018886
nighs,0,4.154502
night,1,4.333052
nihil,0,3.894804
nikab,0,4.120355
nikah,0,4.346045
nikau,0,4.213909
nills,0,4.169792
nimbi,0,3.233426
nimbs,0,4.027968
nimps,0,4.160451
niner,0,4.605949
nines,0,4.434381
ninja,1,3.320096
ninny,1,3.087180
ninon,0,3.347393
ninth,1,3.968173
nipas,0,4.721171
nippy,0,3.509947
niqab,0,3.773255
nirls,0,4.997541
nirly,0,4.829639
nisei,0,4.366804
nisse,0,4.579896
nisus,0,3.862229
niter,0,5.403434
nites,0,5.230959
nitid,0,3.965100
niton,0,4.241264
nitre,0,5.515877
nitro,0,5.077187
nitry,0,4.875651
nitty,0,4.018730
nival,0,4.522624
nixed,0,4.193476
nixer,0,4.527780
nixes,0,4.344255
nixie,0,3.709937
nizam,0,3.876773
nkosi,0,4.282911
noahs,0,4.828603
nobby,0,3.412302
noble,1,5.014826
nobly,1,4.380787
nocks,0,4.158367
nodal,0,4.936885
noddy,0,3.611655
nodes,0,4.954003
nodus,0,4.438364
noels,0,5.178345
noggs,0,3.661176
nohow,0,3.396585
noils,0,5.019257
noily,0,4.851147
noint,0,4.422631
noirs,0,5.115489
noise,1,5.436815
noisy,1,4.839618
noles,0,5.248481
nolls,0,4.212930
nolos,0,4.203060
nomad,1,4.577392
nomas,0,4.709078
nomen,0,4.185994
nomes,0,4.864009
nomic,0,4.385384
nomoi,0,3.786154
nomos,0,3.832361
nonas,0,4.311700
nonce,0,4.477136
nones,0,4.471436
nonet,0,4.687516
nongs,0,3.761400
nonis,0,4.158764
nonny,0,3.145403
nonyl,0,3.933285
noobs,0,3.772003
nooit,0,4.467105
nooks,0,3.713009
nooky,0,3.534620
noons,0,3.487696
noops,0,3.908356
noose,1,4.696969
nopal,0,4.889267
noria,0,5.163756
noris,0,5.066740
norks,0,4.542306
norma,0,4.853333
norms,0,4.695756
north,1,4.960115
nosed,0,5.033087
noser,0,5.359521
noses,0,4.452323
nosey,1,4.975542
notal,0,5.211774
notch,1,4.601094
noted,0,5.116377
noter,0,5.426188
notes,0,5.250019
notum,0,4.475569
nould,0,4.667903
noule,0,5.251796
nouls,0,4.795293
nouns,0,3.998668
nouny,0,3.831366
noups,0,4.443120
novae,0,4.873922
novas,0,4.465157
novel,1,4.742791
novum,0,3.830799
noway,0,4.363528
nowed,0,4.526123
nowls,0,4.393031
nowts,0,4.409261
nowty,0,4.224905
noxal,0,4.338164
noxes,0,4.374729
noyau,0,4.546041
noyed,0,4.749077
noyes,0,4.905138
nubby,0,3.165799
nubia,0,4.382398
nucha,0,4.276583
nuddy,0,3.368964
nuder,0,4.936221
nudes,0,4.740642
nudge,1,4.500195
nudie,0,4.892801
nudzh,0,3.404243
nuffs,0,3.216357
nugae,0,4.906902
nuked,0,4.307955
nukes,0,4.462320
nulla,0,4.127836
nulls,0,3.976454
numbs,0,3.829285
numen,0,3.962473
nummy,0,3.257270
nunny,0,2.895905
nurds,0,4.525570
nurdy,0,4.372120
nurls,0,4.796638
nurrs,0,4.150030
nurse,1,5.313797
nutso,0,4.777827
nutsy,0,4.549706
nutty,1,3.814940
nyaff,0,3.445313
nyala,0,4.183500
nying,0,3.484888
nylon,1,3.868269
nymph,1,3.655738
nyssa,0,3.913162
oaked,0,4.688466
oaken,1,4.876187
oaker,0,5.036239
oakum,0,4.073161
oared,0,5.419757
oases,0,4.623684
oasis,0,4.299484
oasts,0,4.392383
oaten,0,5.485553
oater,0,5.628423
oaths,0,4.831787
oaves,0,4.779976
obang,0,4.319154
obeah,0,4.621408
obeli,0,4.623152
obese,1,4.391927
obeys,0,4.267248
obias,0,4.589015
obied,0,4.655860
obiit,0,3.927025
obits,0,4.544670
objet,0,4.085568
oboes,0,4.113797
obole,0,4.324310
oboli,0,3.818052
obols,0,3.854324
occam,0,3.705158
occur,1,3.953754
ocean,1,5.034766
ocher,0,4.823329
oches,0,4.593789
ochre,0,4.922668
ochry,0,4.301342
ocker,0,4.601395
ocrea,0,5.275146
octad,0,4.710294
octal,1,4.965303
octan,0,4.901069
octas,0,4.815473
octet,1,4.451038
octyl,0,4.465167
oculi,0,4.503610
odahs,0,4.449555
odals,0,4.830711
odder,1,4.225825
oddly,1,3.591726
odeon,0,4.137736
odeum,0,4.288095
odism,0,4.347281
odist,0,4.835367
odium,0,4.137503
odors,0,4.066529
odour,0,4.054250
odyle,0,4.732142
odyls,0,4.295464
ofays,0,4.234324
offal,1,3.700993
offed,0,3.593176
offer,1,3.937220
offie,0,3.863362
oflag,0,4.221545
often,1,4.729841
ofter,0,4.874264
ogams,0,4.330850
ogeed,0,4.135414
ogees,0,4.273047
oggin,0,3.635591
ogham,0,3.993716
ogive,0,4.311888
ogled,0,4.675915
ogler,0,4.974276
ogles,0,4.807296
ogmic,0,3.924915
ogres,0,4.934714
ohias,0,4.814642
ohing,0,4.327622
ohmic,0,4.129908
ohone,0,4.443719
oidia,0,3.962527
oiled,0,5.101531
oiler,0,5.406298
oinks,0,4.342480
oints,0,4.919202
ojime,0,4.121632
okapi,0,4.136050
okays,0,4.227729
okehs,0,4.208319
okras,0,4.668673
oktas,0,4.512732
olden,1,5.058168
older,1,5.174711
oldie,0,5.158744
oleic,0,4.993672
olein,0,5.194432
olent,0,5.307673
oleos,0,4.499211
oleum,0,4.687628
olios,0,4.353555
olive,1,4.806341
ollas,0,4.403451
ollav,0,3.842756
oller,0,4.732737
ollie,0,4.711544
ology,0,3.835218
olpae,0,5.240806
olpes,0,4.978278
omasa,0,4.131341
omber,0,4.603605
ombre,1,4.701763
ombus,0,3.860925
omega,1,4.477928
omens,0,4.658107
omers,0,4.847175
omits,0,4.608785
omlah,0,4.552938
omovs,0,3.243300
omrah,0,4.718147
oncer,0,5.101998
onces,0,4.916153
oncet,0,5.129150
oncus,0,4.398727
onely,0,4.868623
oners,0,5.143587
onery,0,4.976884
onion,1,3.504165
onium,0,4.372580
onkus,0,4.049179
onlay,0,4.820096
onned,0,4.217844
onset,1,5.293635
ontic,0,4.668962
oobit,0,4.127063
oohed,0,4.104944
oomph,0,3.469219
oonts,0,4.301305
ooped,0,4.135003
oorie,0,4.892945
ooses,0,3.812530
ootid,0,4.194826
oozed,0,3.575565
oozes,0,3.716251
opahs,0,4.466286
opals,0,4.845967
opens,0,4.731531
opepe,0,3.663873
opera,1,5.077097
opine,1,5.019529
oping,0,4.247144
opium,1,4.148117
oppos,0,2.999934
opsin,0,4.573125
opted,0,4.781769
opter,0,5.127711
optic,1,4.448563
orach,0,5.027752
oracy,0,5.067729
orals,0,5.342042
orang,0,4.991488
orant,0,5.533516
orate,0,5.817161
orbed,0,4.869203
orbit,1,4.953903
orcas,0,5.069307
orcin,0,4.963895
order,1,4.525255
ordos,0,4.148105
oread,0,5.293775
orfes,0,4.879902
organ,1,4.962875
orgia,0,4.867650
orgic,0,4.587520
orgue,0,4.988959
oribi,0,3.922312
oriel,0,5.540227
orixa,0,4.394627
orles,0,5.382397
orlon,0,4.438912
orlop,0,4.212360
ormer,0,4.434597
ornis,0,5.072610
orpin,0,4.857525
orris,0,4.468712
ortho,0,4.191432
orval,0,4.755685
orzos,0,3.563287
oscar,0,5.008192
oshac,0,4.405253
osier,0,5.307684
osmic,0,4.213790
osmol,0,3.863893
ossia,0,4.092478
ostia,0,4.875369
otaku,0,4.362615
otary,0,5.123986
other,1,5.045676
ottar,0,4.644098
otter,1,4.684755
ottos,0,3.453160
oubit,0,4.553063
oucht,0,4.412436
ouens,0,4.911270
ought,1,4.251105
ouija,0,3.911386
oulks,0,4.254186
oumas,0,4.514248
ounce,1,5.012944
oundy,0,4.259037
oupas,0,4.575241
ouped,0,4.614321
ouphe,0,4.591468
ouphs,0,4.132418
ourie,0,5.313502
ousel,0,5.167600
ousts,0,3.999070
outby,0,4.166695
outdo,1,3.866559
outed,0,4.939573
outer,1,5.280644
outgo,1,3.771953
outre,0,5.375945
outro,0,4.308651
outta,0,4.194142
ouzel,0,4.355925
ouzos,0,3.206192
ovals,0,4.534573
ovary,1,4.487473
ovate,1,4.959894
ovels,0,4.498234
ovens,0,4.413593
overs,0,4.589531
overt,1,4.807586
ovine,1,4.666800
ovist,0,4.545988
ovoid,1,3.501296
ovoli,0,3.621818
ovolo,0,2.893617
ovule,0,4.606798
owche,0,4.268931
owies,0,4.713972
owing,1,4.025093
owled,0,4.559122
owler,0,4.850609
owlet,0,4.910199
owned,0,4.496049
owner,1,4.807235
owres,0,4.820673
owrie,0,4.968517
owsen,0,4.665274
oxbow,0,2.451154
oxers,0,4.381171
oxeye,0,3.596097
oxide,1,4.225143
oxids,0,3.782419
oxies,0,4.383472
oxime,0,4.139781
oxims,0,3.703619
oxlip,0,3.839009
oxter,0,4.554969
oyers,0,4.921675
ozeki,0,3.602204
ozone,1,3.803133
ozzie,0,3.486680
paals,0,4.397029
paans,0,4.337965
pacas,0,4.119389
paced,0,4.943139
pacer,0,5.297724
paces,0,5.078517
pacey,0,4.892360
pacha,0,3.796663
packs,0,4.216606
pacos,0,4.758941
pacta,0,4.182231
pacts,0,4.798858
paddy,1,3.662872
padis,0,4.682736
padle,0,5.241005
padma,0,3.683783
padre,0,5.346694
padri,0,4.798029
paean,0,4.612548
paedo,0,4.921370
paeon,0,5.207529
pagan,1,4.009676
paged,0,4.786484
pager,0,5.130909
pages,0,4.917949
pagle,0,5.153200
pagod,0,4.474477
pagri,0,4.706694
paiks,0,4.500369
pails,0,5.072392
pains,0,4.975252
paint,1,5.183879
paire,0,5.652893
pairs,0,5.161344
paisa,0,4.420815
paise,0,5.518517
pakka,0,2.862246
palas,0,4.327512
palay,0,4.172790
palea,0,4.670047
paled,0,5.159196
paler,1,5.464839
pales,0,5.295529
palet,0,5.513464
palis,0,4.979486
palki,0,4.404714
palla,0,3.626034
palls,0,4.255258
pally,0,4.086277
palms,0,4.587562
palmy,0,4.439156
palpi,0,4.034086
palps,0,4.074726
palsa,0,4.354617
palsy,1,4.830303
pampa,0,3.065463
panax,0,3.519136
pance,0,5.271535
panda,0,4.011836
pands,0,4.613914
pandy,0,4.475130
paned,0,5.101594
panel,1,5.369860
panes,0,5.229688
panga,0,3.904886
pangs,0,4.524085
panic,1,4.747434
panim,0,4.634552
panko,0,4.423374
panne,0,4.638021
panni,0,4.082215
pansy,1,4.774203
panto,0,4.982280
pants,0,4.946338
panty,0,4.783731
paoli,0,4.969239
paolo,0,4.424142
papal,1,3.566584
papas,0,3.430413
papaw,0,2.982634
paper,1,4.602896
papes,0,4.389189
pappi,0,3.078759
pappy,0,2.974260
parae,0,4.958756
paras,0,4.490880
parch,0,4.825701
pardi,0,4.795170
pards,0,4.832088
pardy,0,4.684224
pared,0,5.289367
paren,0,5.457104
pareo,0,5.433189
parer,1,4.824934
pares,0,5.419938
pareu,0,5.184909
parev,0,4.873645
parge,0,5.243673
pargo,0,4.807020
paris,0,5.125321
parka,1,3.985298
parki,0,4.553349
parks,0,4.608305
parky,0,4.434087
parle,0,5.618318
parly,0,4.957647
parma,0,4.127305
parol,0,5.253150
parps,0,4.235163
parra,0,3.843001
parrs,0,4.459350
parry,1,4.302617
parse,1,5.629691
parti,0,5.124882
parts,0,5.171637
party,1,5.003298
parve,0,4.984342
parvo,0,4.553316
paseo,0,5.217772
pases,0,4.488613
pasha,0,3.944754
pashm,0,4.293220
paska,0,3.747579
paspy,0,3.842035
passe,0,4.670348
pasta,1,4.309002
paste,1,5.421904
pasts,0,4.200105
pasty,1,4.759037
patch,1,4.665799
pated,0,5.165508
paten,0,5.364206
pater,0,5.515101
pates,0,5.299234
paths,0,4.642773
patin,0,5.040208
patio,1,4.964509
patka,0,3.842978
patly,0,4.851845
patsy,1,4.834843
patte,0,4.786077
patty,1,4.118597
patus,0,4.760359
pauas,0,4.170278
pauls,0,4.836823
pause,1,5.285657
pavan,0,3.772039
paved,0,4.511562
paven,0,4.706410
paver,0,4.862300
paves,0,4.650197
pavid,0,4.209444
pavin,0,4.406285
pavis,0,4.356735
pawas,0,3.780380
pawaw,0,2.927219
pawed,0,4.595659
pawer,0,4.943510
pawks,0,3.894667
pawky,0,3.724413
pawls,0,4.453236
pawns,0,4.393822
paxes,0,4.421848
payed,0,4.809558
payee,1,4.613727
payer,1,5.166141
payor,0,4.969899
paysd,0,4.524661
peace,1,4.846264
peach,1,4.934818
peage,0,4.618885
peags,0,4.896835
peaks,0,4.730397
peaky,0,4.520798
peals,0,5.319017
peans,0,5.230898
peare,0,5.138523
pearl,1,5.529943
pears,0,5.399247
peart,0,5.653166
pease,0,4.983879
peats,0,5.316124
peaty,0,5.107787
peavy,0,4.457830
peaze,0,4.121922
pebas,0,4.761992
pecan,1,5.039308
pechs,0,4.414343
pecke,0,3.983732
pecks,0,4.223849
pecky,0,4.018898
pedal,1,5.049114
pedes,0,4.302928
pedis,0,4.719366
pedro,0,4.920322
peece,0,3.801892
peeks,0,3.962268
peels,0,4.548152
peens,0,4.464514
peeoy,0,4.285025
peepe,0,3.052958
peeps,0,3.604617
peers,0,4.635637
peery,0,4.458153
peeve,0,3.293974
peggy,0,3.552606
peghs,0,4.277338
peins,0,5.011985
peise,0,4.822778
peize,0,3.942992
pekan,0,4.671366
pekes,0,4.011081
pekin,0,4.482509
pekoe,0,4.162436
pelas,0,5.195411
pelau,0,4.955691
peles,0,4.611663
pelfs,0,4.473601
pells,0,4.300966
pelma,0,4.809945
pelon,0,5.035015
pelta,0,5.221760
pelts,0,5.038517
penal,1,5.262342
pence,1,4.531145
pends,0,4.636851
pendu,0,4.477441
pened,0,4.414048
penes,0,4.538720
pengo,0,4.589791
penie,0,4.707605
penis,0,4.951928
penks,0,4.402566
penna,0,4.341841
penne,1,3.905024
penni,0,4.124653
penny,1,3.964681
pents,0,4.973865
peons,0,5.017952
peony,0,4.835201
pepla,0,4.337296
pepos,0,4.092695
peppy,0,2.966305
pepsi,0,4.080528
perai,0,5.275862
perce,0,4.757153
perch,1,4.819770
percs,0,5.000947
perdu,0,4.682248
perdy,0,4.669206
perea,0,4.923989
peres,0,4.740530
peril,1,5.280693
peris,0,5.162788
perks,0,4.623843
perky,1,4.417099
perms,0,4.765330
perns,0,5.097802
perog,0,4.878364
perps,0,4.259079
perry,0,4.291328
perse,0,4.900757
perst,0,5.373113
perts,0,5.184496
perve,0,4.254916
pervo,0,4.571964
pervs,0,4.519696
pervy,0,4.345888
pesky,1,4.188912
pesos,0,4.194583
pesto,1,5.008243
pests,0,4.228301
pesty,0,4.751015
petal,1,5.325046
petar,0,5.488512
peter,0,4.821277
petit,0,4.498428
petre,0,4.912450
petri,0,5.151876
petti,0,4.288542
petto,0,4.348834
petty,1,4.102408
pewee,0,3.390722
pewit,0,4.679682
peyse,0,4.426024
phage,0,4.839415
phang,0,4.359195
phare,0,5.351995
pharm,0,4.602735
phase,1,5.192650
pheer,0,4.531742
phene,0,4.414309
pheon,0,4.758748
phese,0,4.441160
phial,0,4.840219
phish,0,3.770372
phizz,0,2.787230
phlox,0,3.743014
phoca,0,4.529612
phone,1,4.961085
phono,0,3.854440
phons,0,4.498655
phony,1,4.381047
photo,1,3.923058
phots,0,4.552499
phpht,0,2.847515
phuts,0,4.336366
phyla,0,4.382206
phyle,0,4.647586
piani,0,4.170339
piano,1,4.935639
pians,0,4.954652
pibal,0,4.633528
pical,0,4.840721
picas,0,4.704271
piccy,0,3.600969
picks,0,3.998183
picky,1,3.835842
picot,0,4.784402
picra,0,4.858699
picul,0,4.511777
piece,1,4.612417
piend,0,4.792923
piers,0,5.135477
piert,0,5.365780
pieta,0,5.166883
piets,0,5.026865
piety,1,4.830521
piezo,0,4.123032
piggy,1,3.334356
pight,0,4.234780
pigmy,0,3.860264
piing,0,3.604704
pikas,0,4.355765
pikau,0,4.101588
piked,0,4.381754
piker,0,4.735585
pikes,0,4.530063
pikey,0,4.347149
pikis,0,3.419334
pikul,0,4.167475
pilae,0,5.391431
pilaf,0,4.493997
pilao,0,4.895079
pilar,0,5.188219
pilau,0,4.669155
pilaw,0,4.471188
pilch,0,4.454771
pilea,0,5.248009
piled,0,4.967571
pilei,0,4.322959
piler,0,5.278460
piles,0,5.118909
pilis,0,3.997850
pills,0,4.062191
pilot,1,4.992319
pilow,0,4.313548
pilum,0,4.291814
pilus,0,4.560868
pimas,0,4.538631
pimps,0,3.477125
pinas,0,4.849418
pinch,1,4.358998
pined,0,4.883413
pines,0,5.028155
piney,1,4.844322
pingo,0,4.336196
pings,0,4.290993
pinko,0,4.191012
pinks,0,4.150705
pinky,1,3.990736
pinna,0,4.057211
pinny,0,3.758010
pinon,0,4.006430
pinot,0,4.914948
pinta,0,4.870889
pinto,1,4.752032
pints,0,4.716813
pinup,0,3.718613
pions,0,4.783962
piony,0,4.646496
pious,0,4.581908
pioye,0,4.876124
pioys,0,4.479010
pipal,0,4.156912
pipas,0,4.016413
piped,0,4.062715
piper,1,4.408890
pipes,0,4.202698
pipet,0,4.441879
pipis,0,3.082571
pipit,0,3.318652
pippy,0,2.768542
pipul,0,3.828068
pique,1,4.103041
pirai,0,4.285503
pirls,0,4.917318
pirns,0,4.859157
pirog,0,4.647696
pisco,0,4.577776
pises,0,4.308303
pisky,0,3.992495
pisos,0,3.972669
pissy,0,3.798864
piste,0,5.199475
pitas,0,4.932914
pitch,1,4.439588
piths,0,4.421336
pithy,1,4.289683
piton,0,4.834136
pitot,0,4.253570
pitta,0,4.228481
piums,0,4.213354
pivot,1,4.370918
pixel,1,4.380799
pixes,0,4.224274
pixie,1,3.596838
pized,0,4.079191
pizes,0,4.225372
pizza,1,3.038892
plaas,0,4.372540
place,1,5.382929
plack,0,4.448373
plage,0,5.161135
plaid,1,4.896285
plain,1,5.073008
plait,1,5.251992
plane,1,5.471540
plank,1,4.571787
plans,0,4.969098
plant,1,5.181617
plaps,0,4.131527
plash,0,4.880187
plasm,0,4.744548
plast,0,5.238676
plate,1,5.549879
plats,0,5.061163
platt,0,4.528568
platy,0,4.915896
playa,0,4.073845
plays,0,4.688463
plaza,1,3.531962
plead,1,5.015929
pleas,0,5.159833
pleat,1,5.366346
plebe,0,4.309849
plebs,0,4.536748
plena,0,5.141343
pleon,0,5.051376
plesh,0,4.863612
plews,0,4.446389
plica,0,4.858403
plied,1,5.048682
plier,1,5.360555
plies,0,5.198851
plims,0,4.443154
pling,0,4.433527
plink,0,4.348484
ploat,0,5.217844
plods,0,4.534831
plong,0,4.468414
plonk,0,4.371106
plook,0,3.722950
plops,0,3.937222
plots,0,4.869922
plotz,0,4.111958
plouk,0,4.244158
plows,0,4.256195
ploye,0,4.925450
ploys,0,4.495761
pluck,1,4.040460
plues,0,4.971475
pluff,0,3.252318
plugs,0,4.241807
plumb,1,3.852705
plume,1,4.717104
plump,1,3.443384
plums,0,4.223316
plumy,0,4.088791
plunk,1,4.141033
pluot,0,4.867951
plush,1,4.486653
pluto,0,4.728020
plyer,0,4.957469
poach,0,4.714515
poaka,0,3.885328
poake,0,4.945305
poboy,0,3.516085
pocks,0,4.040745
pocky,0,3.879915
podal,0,4.828743
poddy,0,3.502485
podex,0,4.093355
podge,0,4.622729
podgy,0,4.012914
podia,0,4.629564
poems,0,4.636895
poeps,0,4.126915
poesy,1,4.850363
poets,0,5.058749
pogey,0,4.575866
pogge,0,4.018169
pogos,0,3.705847
pohed,0,4.629214
poilu,0,4.716147
poind,0,4.660215
point,1,5.016858
poise,1,5.313679
pokal,0,4.529957
poked,0,4.397192
poker,1,4.748074
pokes,0,4.535791
pokey,0,4.358807
pokie,0,4.701827
polar,1,5.235490
poled,0,5.006411
poler,0,5.301537
poles,0,5.139180
poley,0,4.941928
polio,0,4.179940
polis,0,4.829273
polje,0,4.411181
polka,1,4.442134
polks,0,4.289105
polls,0,4.102186
polly,0,3.930844
polos,0,4.085829
polts,0,4.851086
polyp,1,3.686688
polys,0,4.461549
pombe,0,4.448646
pomes,0,4.741929
pommy,0,3.385858
pomos,0,3.708913
pomps,0,3.524537
ponce,0,5.079776
poncy,0,4.437947
ponds,0,4.452048
pones,0,5.070199
poney,0,4.874759
ponga,0,4.519846
pongo,0,3.717166
pongs,0,4.360279
pongy,0,4.220996
ponks,0,4.217844
ponts,0,4.786421
ponty,0,4.616286
ponzu,0,3.685382
pooch,1,3.799952
poods,0,3.817502
pooed,0,4.289864
poofs,0,3.568958
poofy,0,3.432876
poohs,0,3.787002
pooja,0,3.356555
pooka,0,3.738939
pooks,0,3.585570
pools,0,4.153986
poons,0,4.075212
poops,0,3.216267
poopy,0,3.069116
poori,0,4.215301
poort,0,4.503767
poots,0,4.157127
poove,0,3.929296
poovy,0,3.342728
popes,0,4.221128
poppa,0,3.122621
poppy,1,2.811747
popsy,0,3.765008
porae,0,5.540822
poral,0,5.212620
porch,1,4.642915
pored,0,5.120388
porer,0,4.650041
pores,0,5.246713
porge,0,5.052348
porgy,0,4.445380
porin,0,4.998311
porks,0,4.435663
porky,0,4.268756
porno,0,4.279995
porns,0,4.913181
porny,0,4.771520
porta,0,5.164150
ports,0,5.000550
porty,0,4.833663
posed,0,4.900635
poser,1,5.255285
poses,0,4.324654
posey,0,4.855132
posho,0,3.774829
posit,1,4.970634
posse,1,4.472826
posts,0,4.043673
potae,0,5.428205
potch,0,4.478944
poted,0,4.997211
potes,0,5.126367
potin,0,4.878643
potoo,0,3.312977
potsy,0,4.668223
potto,0,3.473399
potts,0,4.115457
potty,0,3.954820
pouch,1,4.332177
pouff,0,3.286470
poufs,0,4.108941
pouke,0,4.565235
pouks,0,4.117634
poule,0,5.157506
poulp,0,3.926071
poult,0,4.913042
pound,1,4.458619
poupe,0,4.217090
poupt,0,3.986672
pours,0,4.787036
pouts,0,4.688122
pouty,1,4.515828
powan,0,4.436942
power,1,4.761021
powin,0,4.285993
pownd,0,4.064867
powns,0,4.210867
powny,0,4.064517
powre,0,4.875189
poxed,0,4.113500
poxes,0,4.249445
poynt,0,4.683122
poyou,0,3.602582
poyse,0,4.941411
pozzy,0,2.789097
praam,0,4.262361
prads,0,4.867669
prahu,0,4.639141
prams,0,4.773610
prana,0,4.515391
prang,0,4.801661
prank,1,4.720193
praos,0,5.166443
prase,0,5.613585
prate,0,5.700636
prats,0,5.209697
pratt,0,4.698426
praty,0,5.078996
praus,0,4.938212
prawn,1,4.653871
prays,0,4.828730
predy,0,4.684412
preed,0,4.595489
preen,1,4.787091
prees,0,4.736052
preif,0,4.762794
prems,0,4.746640
premy,0,4.594443
prent,0,5.302047
preon,0,5.194356
preop,0,4.393102
preps,0,4.244956
presa,0,5.328471
prese,0,4.852610
press,1,4.383393
prest,0,5.347433
preve,0,4.247216
prexy,0,4.110405
preys,0,4.777155
prial,0,5.225689
price,1,5.318990
prick,1,4.396660
pricy,0,4.692442
pride,1,5.164685
pried,1,5.162481
prief,0,4.886043
prier,0,4.710290
pries,0,5.295276
prigs,0,4.591322
prill,0,4.392332
prima,0,4.758744
prime,1,5.080692
primi,0,3.811114
primo,1,4.638666
primp,0,3.818926
prims,0,4.576172
primy,0,4.463567
prink,0,4.495949
print,1,5.123238
prion,0,5.032288
prior,1,4.463447
prise,0,5.434981
prism,1,4.678371
priss,0,4.214201
privy,1,4.223089
prize,1,4.598202
proas,0,5.127212
probe,1,4.991452
probs,0,4.503962
prods,0,4.678490
proem,0,5.012477
profs,0,4.431854
progs,0,4.593185
proin,0,5.036800
proke,0,4.901744
prole,0,5.453878
proll,0,4.404743
promo,0,3.951348
proms,0,4.573210
prone,1,5.375318
prong,1,4.612235
pronk,0,4.523689
proof,1,3.857728
props,0,4.083160
prore,0,4.747071
prose,1,5.389719
proso,0,4.311076
pross,0,4.207114
prost,0,5.182022
prosy,0,4.827581
proto,0,4.390106
proud,1,4.669913
proul,0,4.918479
prove,1,4.797920
prowl,1,4.529205
prows,0,4.398870
proxy,1,3.983587
proyn,0,4.704260
prude,1,4.955522
prune,1,5.169068
prunt,0,4.918623
pruta,0,4.984016
pryer,0,4.304623
pryse,0,5.041532
psalm,1,4.563774
pseud,0,4.434596
pshaw,0,3.922877
psion,0,4.683433
psoae,0,5.199545
psoai,0,4.678502
psoas,0,4.062691
psora,0,4.925278
psych,0,3.918978
psyop,0,3.525104
pubco,0,4.050723
pubes,0,4.476086
pubic,1,3.995472
pubis,0,4.151022
pucan,0,4.575928
pucer,0,4.916937
puces,0,4.695120
pucka,0,3.975594
pucks,0,3.801632
puddy,0,3.249925
pudge,0,4.396487
pudgy,1,3.762389
pudic,0,4.141442
pudor,0,4.633533
pudsy,0,4.136875
pudus,0,3.383310
puers,0,4.936900
puffa,0,3.252989
puffs,0,3.084856
puffy,1,2.940355
puggy,0,3.146035
pugil,0,4.390337
puhas,0,4.370632
pujah,0,3.704385
pujas,0,3.819589
pukas,0,4.170220
puked,0,4.197407
puker,0,4.553335
pukes,0,4.338028
pukey,0,4.153709
pukka,0,3.247466
pukus,0,3.114126
pulao,0,4.741616
pulas,0,4.723781
puled,0,4.790600
puler,0,5.090382
pules,0,4.929110
pulik,0,4.207584
pulis,0,4.604293
pulka,0,4.206815
pulks,0,4.045698
pulli,0,3.836789
pulls,0,3.861729
pully,0,3.693517
pulmo,0,4.250673
pulps,0,3.670176
pulpy,1,3.512913
pulse,1,5.082814
pulus,0,3.687645
pumas,0,4.339584
pumie,0,4.677363
pumps,0,3.269040
punas,0,4.665820
punce,0,4.842349
punch,1,4.181898
punga,0,4.284036
pungs,0,4.101520
punji,0,3.550098
punka,0,4.134593
punks,0,3.963252
punky,0,3.808430
punny,0,3.568422
punto,0,4.595069
punts,0,4.525371
punty,0,4.362332
pupae,0,4.291613
pupal,1,3.967900
pupas,0,3.826605
pupil,1,3.866546
puppy,1,2.562568
pupus,0,2.770787
purda,0,4.604632
pured,0,4.912913
puree,1,4.741651
purer,1,4.444776
pures,0,5.039053
purge,1,4.826359
purin,0,4.777962
puris,0,4.738761
purls,0,4.712157
purpy,0,3.664807
purrs,0,4.040450
purse,1,5.197432
pursy,0,4.565776
purty,0,4.578647
puses,0,4.099027
pushy,1,4.008105
pusle,0,5.036042
pussy,0,3.601317
putid,0,4.457097
puton,0,4.664460
putti,0,3.843670
putto,0,3.934996
putts,0,3.861382
putty,1,3.702372
puzel,0,4.196001
pwned,0,4.323904
pyats,0,4.699434
pyets,0,4.627205
pygal,0,4.356241
pygmy,1,2.835613
pyins,0,4.421723
pylon,0,4.465355
pyned,0,4.511144
pynes,0,4.655054
pyoid,0,4.343349
pyots,0,4.522004
pyral,0,4.839661
pyran,0,4.786678
pyres,0,4.860562
pyrex,0,4.108589
pyric,0,4.411091
pyros,0,4.596508
pyxed,0,3.692749
pyxes,0,3.847907
pyxie,0,3.996621
pyxis,0,3.550989
pzazz,0,2.214171
qadis,0,4.063253
qaids,0,4.109982
qajaq,0,1.891836
qanat,0,3.877464
qapik,0,3.632198
qibla,0,3.917353
qophs,0,3.543972
qorma,0,4.122580
quack,1,3.554521
quads,0,3.848682
quaff,0,2.777099
quags,0,3.766425
quail,1,4.248049
quair,0,4.394819
quais,0,4.091837
quake,1,4.046397
quaky,0,3.427739
quale,0,4.657434
qualm,1,3.914497
quant,0,4.323006
quare,0,4.743100
quark,1,3.885207
quart,1,4.514643
quash,1,4.032352
quasi,1,4.067038
quass,0,3.400855
quate,0,4.638671
quats,0,4.185133
quayd,0,3.642031
quays,0,3.783747
qubit,0,3.724334
quean,0,4.300676
queen,1,3.804769
queer,1,3.954844
quell,1,3.584823
queme,0,3.508111
quena,0,4.236237
quern,0,4.329794
query,1,4.084868
quest,1,4.363057
queue,1,3.006319
queyn,0,3.802313
queys,0,3.744238
quich,0,3.662015
quick,1,3.386519
quids,0,3.681031
quiet,1,4.527554
quiff,0,2.604105
quill,1,3.421177
quilt,1,4.238115
quims,0,3.604381
quina,0,4.011461
quine,0,4.369232
quino,0,3.931112
quins,0,3.910858
quint,0,4.120216
quipo,0,3.670838
quips,0,3.651749
quipu,0,2.790989
quire,0,4.588819
quirk,1,3.718676
quirt,0,4.357009
quist,0,4.220454
quite,1,4.474824
quits,0,4.027544
quoad,0,3.962819
quods,0,3.702890
quoif,0,3.558693
quoin,0,4.024132
quoit,0,4.197677
quoll,0,3.446862
quonk,0,3.539877
quops,0,3.669949
quota,1,4.149333
quote,1,4.457302
quoth,1,3.903317
qursh,0,3.942342
quyte,0,4.036636
rabat,0,4.518721
rabbi,1,3.932841
rabic,0,4.763154
rabid,1,4.792088
rabis,0,4.922062
raced,0,5.295896
racer,1,4.832414
races,0,5.435569
rache,0,5.281402
racks,0,4.595276
racon,0,5.179457
radar,1,3.905481
radge,0,5.172750
radii,1,4.267937
radio,1,5.052034
radix,0,4.314072
radon,0,5.123334
raffs,0,3.888632
rafts,0,4.859666
ragas,0,4.342993
ragde,0,5.168066
raged,0,5.138570
ragee,0,4.950553
rager,0,4.669212
rages,0,5.275988
ragga,0,3.462584
raggs,0,4.089899
raggy,0,3.933953
ragis,0,4.977385
ragus,0,4.749868
rahed,0,5.148556
rahui,0,4.686020
raias,0,4.762350
raids,0,5.101625
raiks,0,4.870391
raile,0,5.865710
rails,0,5.400381
raine,0,5.786710
rains,0,5.330116
rainy,1,5.167671
raird,0,4.608634
raise,1,5.877910
raita,0,4.830672
raits,0,5.446283
rajah,1,3.685415
rajas,0,3.809930
rajes,0,4.755173
raked,0,4.928109
rakee,0,4.749779
raker,0,4.467178
rakes,0,5.074906
rakia,0,4.154236
rakis,0,4.784299
rakus,0,4.567616
rales,0,5.604545
rally,1,4.414326
ralph,1,4.866375
ramal,0,4.421437
ramee,0,4.950776
ramen,1,5.295133
ramet,0,5.487836
ramie,0,5.436326
ramin,0,5.002786
ramis,0,4.980045
rammy,0,3.939615
ramps,0,4.652143
ramus,0,4.754085
ranas,0,4.650136
rance,0,5.618076
ranch,1,4.971241
rands,0,4.986142
randy,1,4.835064
ranee,0,5.257815
ranga,0,4.283672
range,1,5.368066
rangi,0,4.844396
rangs,0,4.900631
rangy,0,4.745028
ranid,0,5.140749
ranis,0,5.279698
ranke,0,5.231726
ranks,0,4.757266
rants,0,5.316050
raped,0,5.182847
raper,0,4.722236
rapes,0,5.326744
raphe,0,5.200789
rapid,1,4.885753
rappe,0,4.630176
rared,0,4.834723
raree,0,4.638777
rarer,1,4.224606
rares,0,4.976270
rarks,0,4.175009
rased,0,5.422556
raser,0,4.975677
rases,0,4.843998
rasps,0,4.228002
raspy,1,4.793676
rasse,0,5.042372
rasta,0,4.689765
ratal,0,4.797042
ratan,0,4.765686
ratas,0,4.720784
ratch,0,5.037868
rated,0,5.520832
ratel,0,5.730870
rater,0,5.054583
rates,0,5.652967
ratha,0,4.411250
rathe,0,5.518553
raths,0,5.025721
ratio,1,5.348652
ratoo,0,4.708244
ratos,0,5.371286
ratty,1,4.493725
ratus,0,5.136668
rauns,0,5.122615
raupo,0,4.881755
raved,0,4.867285
ravel,0,5.087085
raven,1,5.043183
raver,0,4.400854
raves,0,5.012290
ravey,0,4.805049
ravin,0,4.759436
rawer,0,4.484171
rawin,0,4.820920
rawly,0,4.628350
rawns,0,4.770775
raxed,0,4.643915
raxes,0,4.784177
rayah,0,4.282851
rayas,0,4.410325
rayed,0,5.154008
rayle,0,5.451835
rayne,0,5.433013
rayon,1,5.084365
razed,0,4.637563
razee,0,4.451412
razer,0,4.167832
razes,0,4.777318
razoo,0,3.802887
razor,1,3.957010
reach,1,5.293654
react,1,5.696354
readd,0,4.635003
reads,0,5.336248
ready,1,5.140457
reais,0,5.585897
reaks,0,5.091692
realm,1,5.371962
realo,0,5.628200
reals,0,5.633214
reame,0,4.976469
reams,0,5.268397
reamy,0,5.079844
reans,0,5.576260
reaps,0,5.313765
rearm,1,4.696771
rears,0,4.950658
reast,0,5.865457
reata,0,5.056739
reate,0,5.378764
reave,0,4.698541
rebar,1,4.600585
rebbe,0,3.753231
rebec,0,4.401714
rebel,1,4.633916
rebid,0,4.799644
rebit,0,5.176337
rebop,0,4.728778
rebus,1,4.714293
rebut,1,4.952044
rebuy,0,4.542507
recal,0,5.415518
recap,1,5.129264
recce,0,4.106259
recco,0,4.393595
reccy,0,4.152179
recit,0,5.368567
recks,0,4.591920
recon,0,5.175719
recta,0,5.382665
recti,0,5.157011
recto,0,5.228848
recur,1,4.400284
recut,1,5.146735
redan,0,5.320346
redds,0,4.199385
reddy,0,3.999645
reded,0,3.939914
redes,0,4.655333
redia,0,5.232304
redid,0,4.354067
redip,0,4.888275
redly,0,4.880825
redon,0,5.111882
redos,0,5.070271
redox,0,4.323949
redry,0,4.212599
redub,0,4.523698
redux,0,4.120425
redye,0,4.447468
reech,0,4.533739
reede,0,4.004828
reeds,0,4.561543
reedy,1,4.363531
reefs,0,4.333992
reefy,0,4.148612
reeks,0,4.331835
reeky,0,4.110044
reels,0,4.869277
reens,0,4.821923
reest,0,5.084521
reeve,0,3.648874
refed,0,4.267474
refel,0,4.513525
refer,1,3.801413
reffo,0,3.937519
refis,0,4.832818
refit,1,5.057680
refix,0,4.066135
refly,0,4.624588
refry,0,3.961519
regal,1,5.261404
regar,0,4.642616
reges,0,4.573599
reggo,0,4.136871
regie,0,4.732990
regma,0,4.805433
regna,0,5.123374
regos,0,4.991414
regur,0,4.239764
rehab,1,4.831900
rehem,0,4.321994
reifs,0,4.907613
reify,0,4.723700
reign,1,5.090321
reiki,0,4.104293
reiks,0,4.900437
reink,0,4.942449
reins,0,5.357865
reird,0,4.637198
reist,0,5.674715
reive,0,4.517420
rejig,0,4.183668
rejon,0,4.488028
reked,0,4.229834
rekes,0,4.373771
rekey,0,4.177744
relax,1,4.751829
relay,1,5.305410
relet,0,5.124829
relic,1,5.162994
relie,0,5.083633
relit,0,5.551682
rello,0,4.664624
reman,0,5.208662
remap,0,4.967936
remen,0,4.595489
remet,0,4.787460
remex,0,3.811907
remit,1,5.212201
remix,0,4.229649
renal,1,5.555059
renay,0,5.289435
rends,0,4.992644
renew,1,4.434664
reney,0,4.677297
renga,0,5.097014
renig,0,4.988394
renin,0,4.616533
renne,0,4.257748
renos,0,5.288941
rente,0,5.054468
rents,0,5.325684
reoil,0,5.511336
reorg,0,4.497333
repay,1,5.050565
repeg,0,4.347556
repel,1,4.726370
repin,0,5.095714
repla,0,5.233700
reply,1,4.840279
repos,0,5.040720
repot,0,5.265057
repps,0,4.147453
repro,0,4.432128
reran,0,4.929040
rerig,0,4.419556
rerun,1,4.535146
resat,0,5.716071
resaw,0,5.055970
resay,0,5.296893
resee,0,4.237295
reses,0,4.150760
reset,1,5.096149
resew,0,4.435222
resid,0,5.151334
resin,1,5.341161
resit,0,5.530039
resod,0,5.145488
resow,0,4.842362
resto,0,5.373969
rests,0,4.592476
resty,0,5.113065
resus,0,4.339163
retag,0,5.282883
retax,0,4.815709
retch,1,5.025893
retem,0,4.692550
retia,0,5.537227
retie,0,5.137210
retox,0,4.617594
retro,1,4.760954
retry,1,4.508993
reuse,1,4.975116
revel,1,4.402089
revet,0,4.524156
revie,0,4.460312
revue,1,4.250102
rewan,0,5.039435
rewax,0,4.242974
rewed,0,4.246789
rewet,0,4.613677
rewin,0,4.843850
rewon,0,4.821619
rewth,0,4.699386
rexes,0,4.080531
rezes,0,4.070310
rheas,0,5.227970
rheme,0,4.438070
rheum,0,4.588424
rhies,0,5.238951
rhime,0,5.013265
rhine,0,5.314584
rhino,1,4.882912
rhody,0,4.493092
rhomb,0,4.184548
rhone,0,5.313198
rhumb,0,3.954095
rhyme,1,4.602071
rhyne,0,4.922980
rhyta,0,4.739987
riads,0,5.080466
rials,0,5.376551
riant,0,5.544778
riata,0,4.805251
ribas,0,4.863278
ribby,0,3.620931
ribes,0,5.034840
riced,0,5.094510
ricer,0,4.639986
rices,0,5.241337
ricey,0,5.034161
richt,0,4.761704
ricin,0,4.179939
ricks,0,4.368173
rider,1,4.569594
rides,0,5.166034
ridge,1,4.954156
ridgy,0,4.330684
ridic,0,3.901173
riels,0,5.377516
riems,0,5.001570
rieve,0,4.457308
rifer,0,4.317584
riffs,0,3.663764
rifle,1,5.094523
rifte,0,5.110966
rifts,0,4.640779
rifty,0,4.474047
riggs,0,3.858776
right,1,4.613827
rigid,1,3.838441
rigol,0,4.897431
rigor,1,4.249328
riled,0,5.281669
riles,0,5.425602
riley,0,5.220624
rille,0,4.885628
rills,0,4.390514
rimae,0,5.372209
rimed,0,4.940021
rimer,0,4.474726
rimes,0,5.081653
rimus,0,4.538788
rinds,0,4.749513
rindy,0,4.599574
rines,0,5.369297
rings,0,4.660109
rinks,0,4.514308
rinse,1,5.547753
rioja,0,4.394770
riots,0,5.253382
riped,0,4.987843
ripen,1,5.165524
riper,1,4.532765
ripes,0,5.136010
ripps,0,3.914239
risen,1,5.414273
riser,1,4.791275
rises,0,4.656231
rishi,0,3.929372
risks,0,3.798761
risky,1,4.356107
risps,0,4.006823
risus,0,4.103932
rites,0,5.461254
ritts,0,4.443268
ritzy,0,4.130937
rival,1,4.746361
rivas,0,4.666565
rived,0,4.662856
rivel,0,4.902528
riven,0,4.844355
river,1,4.204072
rives,0,4.810247
rivet,1,5.027483
riyal,0,5.070142
rizas,0,4.415155
roach,1,5.094568
roads,0,5.120028
roams,0,5.040683
roans,0,5.368264
roars,0,4.729757
roary,0,4.578119
roast,1,5.645193
roate,0,5.882779
robed,0,4.935088
robes,0,5.056245
robin,1,4.804868
roble,0,5.244253
robot,1,4.274200
rocks,0,4.417019
rocky,1,4.247133
roded,0,4.470967
rodeo,1,4.559581
rodes,0,5.186094
roger,1,4.499441
rogue,1,5.054698
roguy,0,4.468343
rohes,0,5.125728
roids,0,4.939726
roils,0,5.236039
roily,0,5.064667
roins,0,5.161962
roist,0,5.465735
rojak,0,4.033609
rojis,0,4.284540
roked,0,4.756057
roker,0,4.288256
rokes,0,4.900127
rolag,0,5.029138
roles,0,5.446534
rolfs,0,4.614110
rolls,0,4.441127
romal,0,5.059090
roman,0,4.998282
romeo,0,4.455292
romps,0,4.481065
ronde,0,5.295168
rondo,0,4.195185
roneo,0,4.766255
rones,0,5.412897
ronin,0,4.429353
ronne,0,4.797531
ronte,0,5.605927
ronts,0,5.155985
roods,0,4.197941
roofs,0,3.961189
roofy,0,3.820063
rooks,0,3.963521
rooky,0,3.790769
rooms,0,4.112252
roomy,1,3.970412
roons,0,4.442748
roops,0,4.166982
roopy,0,4.019726
roosa,0,4.652829
roose,0,4.939478
roost,1,4.725833
roots,0,4.533644
rooty,0,4.368069
roped,0,5.014743
roper,0,4.545773
ropes,0,5.158710
ropey,0,4.967768
roque,0,4.507396
roral,0,4.764818
rores,0,4.801700
roric,0,4.357953
rorid,0,4.382333
rorie,0,4.951856
rorts,0,4.565741
rorty,0,4.372452
rosed,0,5.258609
roses,0,4.679365
roset,0,5.623226
roshi,0,4.729274
rosin,0,5.146184
rosit,0,5.341429
rosti,0,5.097307
rosts,0,4.419744
rotal,0,5.438175
rotan,0,5.404160
rotas,0,5.361059
rotch,0,4.865006
roted,0,5.351564
rotes,0,5.477970
rotis,0,5.204856
rotls,0,5.186904
roton,0,4.525284
rotor,1,3.950369
rotos,0,4.480915
rotte,0,4.957452
rouen,0,5.333054
roues,0,5.295790
rouge,1,5.094130
rough,1,4.539254
roule,0,5.477615
rouls,0,5.016773
roums,0,4.646415
round,1,4.834628
roups,0,4.702712
roupy,0,4.544747
rouse,1,5.471529
roust,0,5.252851
route,1,5.497868
routh,0,4.925922
routs,0,5.062338
roved,0,4.698548
roven,0,4.873367
rover,1,4.227158
roves,0,4.842298
rowan,0,4.808271
rowdy,1,4.177328
rowed,0,4.774492
rowel,0,5.013029
rowen,0,4.936422
rower,1,4.302173
rowie,0,5.073652
rowme,0,4.712521
rownd,0,4.445083
rowth,0,4.516652
rowts,0,4.668969
royal,1,5.121471
royne,0,5.240400
royst,0,5.103692
rozet,0,4.821581
rozit,0,4.543138
ruana,0,4.518178
rubai,0,4.589274
rubby,0,3.420402
rubel,0,4.945459
rubes,0,4.843380
rubin,0,4.585669
ruble,0,5.009262
rubli,0,4.489918
rubus,0,3.624978
ruche,0,4.863601
rucks,0,4.178027
rudas,0,4.819467
rudds,0,3.785569
ruddy,1,3.624343
ruder,1,4.379485
rudes,0,4.975967
rudie,0,5.141490
rudis,0,4.676787
rueda,0,5.042328
ruers,0,4.512506
ruffe,0,3.958810
ruffs,0,3.474295
rugae,0,5.166331
rugal,0,4.827935
rugby,1,3.968081
ruggy,0,3.518609
ruing,0,4.605767
ruins,0,4.924687
rukhs,0,4.065413
ruled,0,5.092734
ruler,1,4.621812
rules,0,5.234223
rumal,0,4.813411
rumba,1,4.262622
rumbo,0,4.160350
rumen,0,4.899181
rumes,0,4.878795
rumly,0,4.391270
rummy,0,3.518710
rumor,1,4.073264
rumpo,0,4.292617
rumps,0,4.230846
rumpy,0,4.077480
runch,0,4.557752
runds,0,4.575164
runed,0,5.051671
runes,0,5.191593
rungs,0,4.478934
runic,0,4.723440
runny,0,3.935748
runts,0,4.896319
runty,0,4.723764
rupee,1,4.645984
rupia,0,4.743923
rural,1,4.531048
rurps,0,3.956745
rurus,0,3.383137
rusas,0,4.299310
ruses,0,4.454265
rushy,0,4.385258
rusks,0,3.607465
rusma,0,4.662295
russe,0,4.622957
rusts,0,4.161920
rusty,1,4.723620
ruths,0,4.617940
rutin,0,5.016721
rutty,0,4.076667
ryals,0,5.035631
rybat,0,4.761216
ryked,0,4.342738
rykes,0,4.506629
rymme,0,3.956142
rynds,0,4.383439
ryots,0,4.901117
ryper,0,4.143689
saags,0,3.581567
sabal,0,4.359116
sabed,0,5.028980
saber,0,5.391689
sabes,0,4.449207
sabha,0,3.922945
sabin,0,4.922346
sabir,0,5.161628
sable,0,5.412781
sabot,0,5.099370
sabra,0,4.368800
sabre,0,5.492649
sacks,0,3.798839
sacra,0,4.594586
saddo,0,4.180841
sades,0,4.590137
sadhe,0,5.190703
sadhu,0,4.475084
sadis,0,4.275611
sadly,1,4.881850
sados,0,4.275146
sadza,0,3.504158
safed,0,4.925410
safer,1,5.291651
safes,0,4.344477
sagas,0,3.543278
sager,0,5.442553
sages,0,4.505577
saggy,0,3.894095
sagos,0,4.190953
sagum,0,4.438675
saheb,0,4.886167
sahib,0,4.571770
saice,0,5.691244
saick,0,4.762863
saics,0,4.476617
saids,0,4.320782
saiga,0,4.360591
sails,0,4.657363
saims,0,4.245215
saine,0,5.764078
sains,0,4.565300
saint,1,5.506725
sairs,0,4.742164
saist,0,4.758937
saith,0,5.256060
sajou,0,4.163489
sakai,0,4.036231
saker,0,5.239128
sakes,0,4.290565
sakia,0,4.102118
sakis,0,3.991233
sakti,0,4.718516
salad,1,4.494061
salal,0,4.036621
salat,0,4.868733
salep,0,5.409367
sales,0,4.884003
salet,0,5.834582
salic,0,5.137648
salix,0,4.549562
salle,0,5.090151
sally,1,4.411988
salmi,0,4.890470
salol,0,4.699004
salon,1,5.332360
salop,0,5.076403
salpa,0,4.345599
salps,0,4.239404
salsa,1,3.864887
salse,0,4.998292
salto,0,5.369927
salts,0,4.602572
salty,1,5.160079
salue,0,5.559737
salut,0,5.293155
salve,1,5.151285
salvo,1,4.700089
saman,0,4.338021
samas,0,3.539236
samba,0,3.827561
sambo,0,4.491415
samek,0,4.832394
samel,0,5.385636
samen,0,5.285086
sames,0,4.501361
samey,0,5.059088
samfu,0,4.185330
sammy,0,3.901345
sampi,0,4.548023
samps,0,3.855010
sands,0,4.212381
sandy,1,4.786005
saned,0,5.402636
saner,1,5.733713
sanes,0,4.818727
sanga,0,4.236388
sangh,0,4.734749
sango,0,4.888194
sangs,0,4.122409
sanko,0,4.746800
sansa,0,3.815371
santo,0,5.312095
sants,0,4.542034
saola,0,4.743919
sapan,0,4.398625
sapid,0,4.816778
sapor,0,5.266972
sappy,1,3.935332
saran,0,4.859960
sards,0,4.422365
sared,0,5.592133
saree,0,5.415214
sarge,0,5.553053
sargo,0,5.114113
sarin,0,5.481589
saris,0,4.711698
sarks,0,4.192139
sarky,0,4.749162
sarod,0,5.310991
saros,0,4.715145
sarus,0,4.479863
saser,0,5.001348
sasin,0,4.542502
sasse,0,4.038608
sassy,1,3.381028
satai,0,4.625946
satay,0,4.513233
sated,0,5.469078
satem,0,5.363384
sates,0,4.886412
satin,1,5.364484
satis,0,4.578822
satyr,1,5.243510
sauba,0,4.040509
sauce,1,5.451607
sauch,0,4.801163
saucy,1,4.824621
saugh,0,4.635449
sauls,0,4.425149
sault,0,5.378449
sauna,1,4.458157
saunt,0,5.287934
saury,0,5.078315
saute,1,5.620201
sauts,0,4.429026
saved,0,4.817003
saver,0,5.177605
saves,0,4.234360
savey,0,4.788562
savin,0,4.735097
savor,1,4.969257
savoy,1,4.522266
savvy,1,3.585113
sawah,0,3.993565
sawed,0,4.905170
sawer,0,5.262556
saxes,0,4.005379
sayed,0,5.109987
sayer,0,5.475470
sayid,0,4.827667
sayne,0,5.420785
sayon,0,5.050705
sayst,0,4.396844
sazes,0,3.998885
scabs,0,3.819061
scads,0,3.991607
scaff,0,3.671413
scags,0,3.906759
scail,0,5.180868
scala,0,4.444888
scald,1,4.908377
scale,1,5.565173
scall,0,4.470966
scalp,1,4.859687
scaly,1,4.918850
scamp,1,4.431960
scams,0,3.924884
scand,0,4.839169
scans,0,4.260672
scant,1,5.210369
scapa,0,4.088905
scape,0,5.207566
scapi,0,4.663444
scare,1,5.630489
scarf,1,4.724906
scarp,0,4.938212
scars,0,4.408795
scart,0,5.376119
scary,1,4.994054
scath,0,4.887296
scats,0,4.334825
scatt,0,4.525634
scaud,0,4.655501
scaup,0,4.600999
scaur,0,5.101301
scaws,0,3.735038
sceat,0,5.381036
scena,0,5.154535
scend,0,4.785703
scene,1,4.701977
scent,1,5.152057
schav,0,4.035139
schmo,0,4.103955
schul,0,4.367246
schwa,0,4.031844
scion,1,4.900764
sclim,0,4.541184
scody,0,4.392084
scoff,1,3.484284
scogs,0,3.708118
scold,1,4.719245
scone,1,5.252786
scoog,0,3.833146
scoop,1,3.919173
scoot,0,4.359524
scopa,0,4.682339
scope,1,4.981568
scops,0,3.778728
score,1,5.431461
scorn,1,5.016958
scots,0,4.142074
scoug,0,4.348668
scoup,0,4.439823
scour,1,4.947949
scout,1,4.859847
scowl,1,4.434260
scowp,0,4.065316
scows,0,3.535755
scrab,0,4.740151
scrae,0,5.587857
scrag,0,4.809992
scram,1,4.839396
scran,0,5.159233
scrap,1,4.906068
scrat,0,5.337372
scraw,0,4.666964
scray,0,4.958351
scree,1,4.954435
screw,1,4.800312
scrim,0,4.677503
scrip,0,4.747758
scrob,0,4.583326
scrod,0,4.802415
scrog,0,4.658222
scrow,0,4.497162
scrub,1,4.349135
scrum,1,4.453934
scuba,1,4.315011
scudi,0,4.291138
scudo,0,4.400358
scuds,0,3.578192
scuff,0,3.260944
scuft,0,4.314616
scugs,0,3.487810
sculk,0,4.239910
scull,0,4.081080
sculp,0,4.460124
sculs,0,3.923640
scums,0,3.503725
scups,0,3.557603
scurf,0,4.326338
scurs,0,4.001683
scuse,0,4.296691
scuta,0,4.831754
scute,0,5.143022
scuts,0,3.917254
scuzz,0,2.878538
scyes,0,4.038298
sdayn,0,4.670789
sdein,0,4.994011
seals,0,4.898030
seame,0,4.923201
seams,0,4.480247
seamy,0,5.035107
seans,0,4.808317
seare,0,5.399448
sears,0,4.963888
sease,0,4.475157
seats,0,4.892514
seaze,0,4.418995
sebum,0,4.395521
secco,0,4.348213
sechs,0,3.993378
sects,0,4.399186
sedan,1,5.285161
seder,0,4.827625
sedes,0,3.892701
sedge,0,4.394071
sedgy,0,4.474762
sedum,0,4.552868
seeds,0,3.775086
seedy,1,4.312832
seeks,0,3.536189
seeld,0,4.698565
seels,0,4.126509
seely,0,4.666246
seems,0,3.700932
seeps,0,3.753836
seepy,0,4.308495
seers,0,4.200552
sefer,0,4.591130
segar,0,5.421831
segni,0,4.859000
segno,0,4.928885
segol,0,5.112133
segos,0,4.205089
segue,1,4.474240
sehri,0,5.071001
seifs,0,4.131039
seils,0,4.710932
seine,0,5.070274
seirs,0,4.788498
seise,0,4.320447
seism,0,4.320349
seity,0,5.247244
seiza,0,4.668546
seize,1,4.259719
sekos,0,3.992173
sekts,0,4.038799
selah,0,5.354387
seles,0,4.194452
selfs,0,4.057393
sella,0,4.811037
selle,0,4.372963
sells,0,3.883075
selva,0,4.878378
semee,0,3.895366
semen,1,4.582202
semes,0,3.799710
semie,0,4.700975
semis,0,4.220285
senas,0,4.717268
sends,0,4.225793
senes,0,4.122539
sengi,0,4.840288
senna,0,4.677275
senor,0,5.507039
sensa,0,4.653455
sense,1,4.205211
sensi,0,4.430522
sente,0,5.039266
senti,0,5.283602
sents,0,4.559942
senvy,0,4.448292
senza,0,4.585715
sepad,0,5.036763
sepal,0,5.324341
sepia,1,5.153762
sepic,0,4.857862
sepoy,0,4.811716
septa,0,5.245066
septs,0,4.308301
serac,0,5.546871
serai,0,5.590319
seral,0,5.739455
sered,0,4.905672
serer,0,4.444692
seres,0,4.316972
serfs,0,4.201529
serge,0,4.825260
seric,0,5.324881
serif,1,5.063313
serin,0,5.516780
serks,0,4.201007
seron,0,5.493664
serow,0,5.015175
serra,0,4.978767
serre,0,4.515497
serrs,0,4.041116
serry,0,4.583908
serum,1,4.981069
serve,1,4.561625
servo,0,4.878496
sesey,0,3.914548
sessa,0,3.763396
setae,0,5.232293
setal,0,5.644483
seton,0,5.374315
setts,0,3.887172
setup,1,4.923833
seven,1,4.321966
sever,1,4.472387
sewan,0,5.021838
sewar,0,5.247517
sewed,0,4.206635
sewel,0,4.509771
sewen,0,4.405401
sewer,1,4.563030
sewin,0,4.824414
sexed,0,3.893064
sexer,0,4.254173
sexes,0,3.303371
sexto,0,4.538066
sexts,0,3.748348
seyen,0,4.636648
shack,1,4.387465
shade,1,5.207197
shads,0,3.993982
shady,1,4.594004
shaft,1,4.710230
shags,0,3.921578
shahs,0,3.367124
shake,1,4.959245
shako,0,4.548281
shakt,0,4.710906
shaky,1,4.354181
shale,1,5.536668
shall,1,4.467282
shalm,0,4.795485
shalt,1,5.270468
shaly,0,4.916866
shama,0,4.039092
shame,1,5.134291
shams,0,3.915503
shand,0,4.840873
shank,1,4.581501
shans,0,4.249755
shape,1,5.185890
shaps,0,3.962427
shard,1,4.992971
share,1,5.608309
shark,1,4.743157
sharn,0,5.190264
sharp,1,4.934635
shash,0,3.447645
shaul,0,4.970472
shave,1,4.864788
shawl,1,4.617474
shawm,0,4.206983
shawn,0,4.530084
shaws,0,3.727497
shaya,0,4.085247
shays,0,3.954170
shchi,0,3.583811
sheaf,0,4.738321
sheal,0,5.293447
shear,1,5.455857
sheas,0,4.414965
sheds,0,3.961740
sheel,0,4.771183
sheen,1,4.687167
sheep,1,4.412108
sheer,1,4.824798
sheet,1,4.814166
sheik,1,4.596609
shelf,1,4.611617
shell,1,4.451717
shend,0,4.796668
shent,0,5.148302
sheol,0,5.171526
sherd,0,4.967690
shere,0,4.866934
shero,0,5.182153
shets,0,4.271045
sheva,0,4.569287
shewn,0,4.498166
shews,0,3.690913
shiai,0,4.217422
shied,1,5.032746
shiel,0,5.337360
shier,0,5.389754
shies,0,4.449028
shift,1,4.515051
shill,0,4.288899
shily,0,4.726906
shims,0,3.724255
shine,1,5.273119
shins,0,4.045221
shiny,1,4.653302
ships,0,3.777577
shire,1,5.449834
shirk,1,4.544811
shirr,0,4.439353
shirs,0,4.221477
shirt,1,5.171998
shish,0,3.254895
shiso,0,4.072127
shist,0,4.217027
shite,0,5.347229
shits,0,4.126568
shiur,0,4.956499
shiva,0,4.381526
shive,0,4.684877
shivs,0,3.474244
shlep,0,4.915367
shlub,0,4.217063
shmek,0,4.331006
shmoe,0,4.907081
shoal,1,5.131504
shoat,0,5.209390
shock,1,4.199002
shoed,0,5.014093
shoer,0,5.361845
shoes,0,4.416732
shogi,0,4.428549
shogs,0,3.726683
shoji,0,3.899216
shojo,0,3.300483
shola,0,5.036106
shone,1,5.257977
shook,1,3.737060
shool,0,4.299462
shoon,0,4.195864
shoos,0,3.387002
shoot,1,4.346148
shope,0,4.973633
shops,0,3.768252
shore,1,5.423007
shorl,0,5.070775
shorn,1,5.019137
short,1,5.183743
shote,0,5.307571
shots,0,4.120249
shott,0,4.324191
shout,1,4.849697
shove,1,4.656655
showd,0,4.135646
shown,1,4.335444
shows,0,3.529923
showy,1,4.149232
shoyu,0,4.343005
shred,0,5.102046
shrew,1,4.803696
shris,0,4.211501
shrow,0,4.500136
shrub,1,4.353364
shrug,1,4.447140
shtik,0,4.407186
shtum,0,4.315986
shtup,0,4.378203
shuck,1,3.998265
shule,0,5.153523
shuln,0,4.716279
shuls,0,3.911835
shuns,0,3.820826
shunt,1,4.774310
shura,0,4.913653
shush,1,3.042106
shute,0,5.128754
shuts,0,3.904166
shwas,0,3.660036
shyer,0,4.997271
shyly,1,3.690699
sials,0,4.629377
sibbs,0,2.973391
sibyl,0,4.475296
sices,0,4.470898
sicht,0,4.697748
sicko,0,4.362646
sicks,0,3.580663
sicky,0,4.156785
sidas,0,4.210419
sided,0,4.405724
sider,0,5.334437
sides,0,4.404632
sidha,0,4.608852
sidhe,0,4.967812
sidle,0,5.335668
siege,1,4.672200
sield,0,5.192611
siens,0,4.529403
sient,0,5.473205
sieth,0,5.202039
sieur,0,5.372800
sieve,1,4.397686
sifts,0,3.860725
sighs,0,3.621063
sight,1,4.550362
sigil,0,4.094509
sigla,0,4.902960
sigma,1,4.482285
signa,0,4.801683
signs,0,3.909665
sijos,0,3.454928
sikas,0,3.933339
siker,0,5.044262
sikes,0,4.107092
silds,0,4.061048
siled,0,5.276160
silen,0,5.472026
siler,0,5.588392
siles,0,4.704095
silex,0,4.675578
silks,0,3.828703
silky,1,4.399393
sills,0,3.644495
silly,1,4.213960
silos,0,4.368434
silts,0,4.394573
silty,0,4.965302
silva,0,4.611897
simar,0,5.169658
simas,0,4.128210
simba,0,4.390840
simis,0,3.192484
simps,0,3.639192
simul,0,4.674907
since,1,5.342905
sinds,0,3.973934
sined,0,5.190627
sines,0,4.615330
sinew,1,4.902851
singe,1,5.098533
sings,0,3.885332
sinhs,0,3.938775
sinks,0,3.737855
sinky,0,4.311734
sinus,0,4.049641
siped,0,4.946687
sipes,0,4.373437
sippy,0,3.725827
sired,0,5.397990
siree,0,5.237468
siren,1,5.583403
sires,0,4.816965
sirih,0,4.337353
siris,0,3.716992
siroc,0,5.097720
sirra,0,4.710215
sirup,0,4.822171
sisal,0,4.565929
sises,0,3.768243
sissy,1,3.172314
sista,0,4.459210
sists,0,3.455436
sitar,0,5.544535
sited,0,5.278415
sites,0,4.698818
sithe,0,5.249544
sitka,0,4.721414
situp,0,4.696725
situs,0,4.133127
siver,0,4.979083
sixer,0,4.749104
sixes,0,3.805016
sixmo,0,3.874038
sixte,0,4.731464
sixth,1,4.108876
sixty,1,4.093391
sizar,0,4.669344
sized,0,4.392481
sizel,0,4.707177
sizer,0,4.755551
sizes,0,3.807643
skags,0,3.598447
skail,0,4.861503
skald,0,4.602423
skank,0,3.877526
skart,0,5.054908
skate,1,5.227142
skats,0,4.014141
skatt,0,4.204039
skaws,0,3.411622
skean,0,4.903611
skear,0,5.138216
skeds,0,3.637150
skeed,0,4.125890
skeef,0,3.876594
skeen,0,4.356860
skeer,0,4.503021
skees,0,3.551453
skeet,0,4.497387
skegg,0,3.500157
skegs,0,3.555976
skein,0,4.763065
skelf,0,4.306641
skell,0,4.135185
skelm,0,4.459252
skelp,0,4.527501
skene,0,4.392706
skens,0,3.894685
skeos,0,3.936022
skeps,0,3.612252
skers,0,4.065815
skets,0,3.967020
skews,0,3.374770
skids,0,3.481248
skied,0,4.706972
skier,1,5.070295
skies,0,4.131760
skiey,0,4.699485
skiff,1,3.157782
skill,1,3.971810
skimo,0,4.181795
skimp,1,3.918952
skims,0,3.405815
skink,0,3.654633
skins,0,3.726770
skint,0,4.669758
skios,0,3.798983
skips,0,3.463280
skirl,0,4.756117
skirr,0,4.116057
skirt,1,4.869408
skite,0,5.046676
skits,0,3.826481
skive,0,4.362395
skivy,0,3.762367
sklim,0,4.220468
skoal,0,4.815315
skody,0,4.080666
skoff,0,3.164260
skogs,0,3.396001
skols,0,3.824709
skool,0,3.982083
skort,0,4.880103
skosh,0,3.585755
skran,0,4.844971
skrik,0,3.842737
skuas,0,3.728049
skugs,0,3.180256
skulk,1,3.560639
skull,1,3.758500
skunk,1,3.453267
skyed,0,4.302895
skyer,0,4.681542
skyey,0,3.682340
skyfs,0,2.880373
skyre,0,4.728002
skyrs,0,3.528688
skyte,0,4.617633
slabs,0,4.144791
slack,1,4.748471
slade,0,5.535440
slaes,0,4.950364
slags,0,4.246438
slaid,0,5.193840
slain,1,5.382783
slake,0,5.287030
slams,0,4.236256
slane,0,5.770181
slang,1,4.959300
slank,0,4.872287
slant,1,5.492667
slaps,0,4.290625
slart,0,5.627586
slash,1,4.389695
slate,1,5.855775
slats,0,4.649847
slaty,0,5.226337
slave,1,5.185665
slaws,0,4.052044
slays,0,4.271279
slebs,0,4.116994
sleds,0,4.287412
sleek,1,4.518856
sleep,1,4.743389
sleer,0,5.102188
sleet,1,5.141258
slept,1,5.202708
slews,0,4.025268
sleys,0,4.209562
slice,1,5.514092
slick,1,4.562201
slide,1,5.347631
slier,0,5.666105
slily,0,4.282810
slime,1,5.275099
slims,0,4.048212
slimy,1,4.655608
sling,1,4.743368
slink,1,4.659376
slipe,0,5.341125
slips,0,4.104971
slipt,0,5.053115
slish,0,4.207857
slits,0,4.471413
slive,0,5.008581
sloan,0,5.343517
slobs,0,3.946660
sloes,0,4.739132
slogs,0,4.040201
sloid,0,5.012884
slojd,0,4.101264
slomo,0,4.128959
sloom,0,4.169818
sloop,1,4.237157
sloot,0,4.666874
slope,1,5.290605
slops,0,4.083631
slopy,0,4.686756
slorm,0,4.959358
slosh,1,4.199708
sloth,1,5.041329
slots,0,4.453160
slove,0,4.963182
slows,0,3.844635
sloyd,0,4.655741
slubb,0,3.641703
slubs,0,3.734357
slued,0,5.136492
slues,0,4.549108
sluff,0,3.581844
slugs,0,3.828856
sluit,0,5.186361
slump,1,4.341865
slums,0,3.823593
slung,1,4.531985
slunk,1,4.454197
slurb,0,4.645317
slurp,1,4.813275
slurs,0,4.271851
sluse,0,4.617119
slush,1,3.986517
sluts,0,4.237208
slyer,0,5.263273
slyly,1,3.246541
slype,0,4.924297
smaak,0,3.830046
smack,1,4.300088
smaik,0,4.480024
small,1,4.321730
smalm,0,4.148065
smalt,0,5.143609
smarm,0,4.228494
smart,1,5.242078
smash,1,3.946047
smaze,0,4.508346
smear,1,5.314889
smeek,0,4.050115
smees,0,3.726298
smeik,0,4.456379
smeke,0,4.071480
smell,1,4.311613
smelt,1,5.102521
smerk,0,4.562049
smews,0,3.548303
smile,1,5.230522
smirk,1,4.416841
smirr,0,4.304016
smirs,0,4.094438
smite,1,5.226090
smith,1,4.617176
smits,0,4.008687
smock,1,4.102291
smogs,0,3.579500
smoke,1,4.609639
smoko,0,3.519505
smoky,1,4.016398
smolt,0,4.952093
smoor,0,4.283276
smoot,0,4.216576
smore,0,5.283157
smorg,0,4.548272
smote,1,5.186141
smout,0,4.720455
smowt,0,4.357950
smugs,0,3.359819
smurs,0,3.858608
smush,0,3.539010
smuts,0,3.776712
snabs,0,3.995004
snack,1,4.584831
snafu,0,4.455688
snags,0,4.086854
snail,1,5.335312
snake,1,5.131733
snaky,1,4.515752
snaps,0,4.137089
snare,1,5.770089
snarf,0,4.882018
snark,0,4.897723
snarl,1,5.384793
snars,0,4.567550
snary,0,5.154017
snash,0,4.252244
snath,0,5.088867
snaws,0,3.906297
snead,0,5.169179
sneak,1,4.902426
sneap,0,5.120581
snebs,0,3.950346
sneck,0,4.536744
sneds,0,4.131108
sneed,0,4.614905
sneer,1,4.963740
snees,0,4.039366
snell,0,4.603462
snibs,0,3.801180
snick,0,4.396655
snide,1,5.187697
snies,0,4.616320
sniff,1,3.643452
snift,0,4.692517
snigs,0,3.892473
snipe,1,5.176699
snips,0,3.944229
snipy,0,4.544701
snirt,0,5.337864
snits,0,4.313031
snobs,0,3.799465
snods,0,3.983692
snoek,0,4.903248
snoep,0,5.119868
snogs,0,3.895010
snoke,0,4.917183
snood,0,4.153458
snook,0,3.890916
snool,0,4.451748
snoop,1,4.086119
snoot,0,4.515204
snore,1,5.578530
snort,1,5.346085
snots,0,4.313056
snout,1,5.022093
snowk,0,4.037249
snows,0,3.707491
snowy,1,4.316965
snubs,0,3.565703
snuck,1,4.182250
snuff,1,3.420143
snugs,0,3.650411
snush,0,3.834735
snyes,0,4.216915
soaks,0,4.083506
soaps,0,4.286090
soapy,1,4.875153
soare,0,5.885960
soars,0,4.726473
soave,0,5.130148
sobas,0,4.106168
sober,1,5.208938
socas,0,4.316177
soces,0,4.482921
socko,0,3.726102
socks,0,3.617185
socle,0,5.425842
sodas,0,4.256793
soddy,0,3.813400
sodic,0,4.668039
sodom,0,3.845368
sofar,0,5.061286
sofas,0,4.004381
softa,0,4.799293
softs,0,3.895894
softy,0,4.476470
soger,0,5.261416
soggy,1,3.717463
sohur,0,4.891351
soils,0,4.484776
soily,0,5.062085
sojas,0,3.629460
sojus,0,3.263446
sokah,0,4.583834
soken,0,4.899565
sokes,0,4.113840
sokol,0,4.005456
solah,0,5.136944
solan,0,5.311017
solar,1,5.536233
solas,0,4.530805
solde,0,5.310097
soldi,0,4.794139
soldo,0,4.201481
solds,0,4.101969
soled,0,5.298819
solei,0,5.394081
soler,0,5.600130
soles,0,4.716783
solid,1,4.994295
solon,0,4.453321
solos,0,3.668919
solum,0,4.669121
solus,0,4.180452
solve,1,4.961121
soman,0,4.951095
somas,0,4.165974
sonar,1,5.516330
sonce,0,5.394131
sonde,0,5.243838
sones,0,4.651579
songs,0,3.947167
sonic,1,4.906553
sonly,0,4.937185
sonne,0,4.757135
sonny,0,4.139838
sonse,0,4.742097
sonsy,0,4.116645
sooey,0,4.550542
sooks,0,3.161215
sooky,0,3.733722
soole,0,4.933383
sools,0,3.730996
sooms,0,3.311668
soops,0,3.360456
soote,0,4.915725
sooth,1,4.335632
soots,0,3.734270
sooty,1,4.307301
sophs,0,3.742335
sophy,0,4.341246
sopor,0,4.383393
soppy,0,3.767254
sopra,0,5.088289
soral,0,5.505344
soras,0,4.687636
sorbo,0,4.171556
sorbs,0,4.070595
sorda,0,5.145439
sordo,0,4.342735
sords,0,4.245774
sored,0,5.414878
soree,0,5.241163
sorel,0,5.671332
sorer,0,4.955389
sores,0,4.829473
sorex,0,4.817812
sorgo,0,4.260379
sorns,0,4.497093
sorra,0,4.743935
sorry,1,4.427900
sorta,0,5.473950
sorts,0,4.579438
sorus,0,4.322717
soths,0,4.068376
sotol,0,4.581944
souce,0,5.271029
souct,0,5.038551
sough,0,4.469952
souks,0,3.686607
souls,0,4.255062
soums,0,3.840661
sound,1,4.756868
soups,0,3.896301
soupy,0,4.486235
sours,0,4.339695
souse,0,4.594183
south,1,4.863615
souts,0,4.259539
sowar,0,5.028424
sowce,0,4.892767
sowed,0,4.722069
sower,1,5.072910
sowff,0,3.203183
sowfs,0,3.291825
sowle,0,5.077581
sowls,0,3.864831
sowms,0,3.448336
sownd,0,4.376775
sowne,0,4.993879
sowps,0,3.494514
sowse,0,4.229066
sowth,0,4.463112
soyas,0,4.240272
soyle,0,5.276551
soyuz,0,3.883481
sozin,0,4.306478
space,1,5.299158
spacy,0,4.665116
spade,1,5.144989
spado,0,4.694659
spaed,0,5.137127
spaer,0,5.484396
spaes,0,4.550677
spags,0,3.843259
spahi,0,4.564422
spail,0,5.103102
spain,0,5.002081
spait,0,5.174004
spake,0,4.901332
spald,0,4.836132
spale,0,5.483055
spall,0,4.387329
spalt,0,5.203263
spams,0,3.833034
spane,0,5.399899
spang,0,4.574527
spank,1,4.504597
spans,0,4.177890
spard,0,4.920994
spare,1,5.551208
spark,1,4.672202
spars,0,4.331235
spart,0,5.296129
spasm,1,3.863090
spate,0,5.481334
spats,0,4.262039
spaul,0,4.893130
spawl,0,4.540020
spawn,1,4.441265
spaws,0,3.652205
spayd,0,4.461046
spays,0,3.876928
spaza,0,3.447476
spazz,0,3.205640
speak,1,4.670298
speal,0,5.223097
spean,0,5.147297
spear,1,5.381116
speat,0,5.312456
speck,1,4.315158
specs,0,4.032839
spect,0,4.980098
speed,1,4.370028
speel,0,4.699736
speer,0,4.741842
speil,0,5.120468
speir,0,5.242834
speks,0,3.639921
speld,0,4.800069
spelk,0,4.553861
spell,1,4.378070
spelt,1,5.170358
spend,1,4.717209
spent,1,5.082452
speos,0,4.179951
sperm,1,4.768356
spets,0,4.218892
speug,0,4.443251
spews,0,3.616083
spewy,0,4.204320
spial,0,5.062564
spica,0,4.782269
spice,1,5.120665
spick,0,4.171458
spics,0,3.882851
spicy,1,4.481058
spide,0,4.950454
spied,1,4.953436
spiel,1,5.271433
spier,0,5.310849
spies,0,4.381281
spiff,0,3.389730
spifs,0,3.483094
spike,1,4.715474
spiks,0,3.491147
spiky,1,4.075199
spile,0,5.301135
spill,1,4.214231
spilt,1,5.014978
spims,0,3.638112
spina,0,4.862833
spine,1,5.191887
spink,0,4.282593
spins,0,3.962940
spiny,1,4.568481
spire,1,5.373608
spirt,0,5.109201
spiry,0,4.742312
spite,1,5.299066
spits,0,4.076922
spitz,0,4.043020
spivs,0,3.395739
splat,1,5.083871
splay,0,4.732066
split,1,4.940095
splog,0,4.436632
spode,0,4.921545
spods,0,3.725966
spoil,1,4.931599
spoke,1,4.671374
spoof,1,3.610312
spook,1,3.649248
spool,1,4.215289
spoom,0,3.763477
spoon,1,4.100823
spoor,0,4.348185
spoot,0,4.274929
spore,1,5.339150
spork,0,4.489434
sport,1,5.116340
sposh,0,3.821845
spots,0,4.066853
spout,1,4.778716
sprad,0,4.885516
sprag,0,4.746139
sprat,0,5.261731
spray,1,4.884560
spred,0,5.021493
spree,1,4.872194
sprew,0,4.726001
sprig,1,4.587372
sprit,0,5.104570
sprod,0,4.736569
sprog,0,4.596460
sprue,0,5.130044
sprug,0,4.357649
spuds,0,3.504041
spued,0,4.739104
spuer,0,5.094381
spues,0,4.145254
spugs,0,3.420688
spule,0,5.076513
spume,0,4.640104
spumy,0,4.023564
spunk,1,4.083785
spurn,1,4.704747
spurs,0,3.917427
spurt,1,4.884889
sputa,0,4.760019
spyal,0,4.715276
spyre,0,4.962778
squab,0,3.723732
squad,1,3.958641
squat,1,4.341602
squaw,0,3.648759
squeg,0,3.998110
squib,1,3.588179
squid,0,3.817056
squit,0,4.204588
squiz,0,3.201709
stabs,0,4.017359
stack,1,4.627432
stade,0,5.404164
staff,1,3.866279
stage,1,5.325268
stags,0,4.110015
stagy,0,4.721110
staid,1,5.067039
staig,0,4.937218
stain,1,5.273644
stair,1,5.514467
stake,1,5.156720
stale,1,5.738573
stalk,1,4.854183
stall,1,4.655537
stamp,1,4.622201
stand,1,5.028978
stane,0,5.658277
stang,0,4.846843
stank,1,4.769862
staph,0,4.757127
staps,0,4.161595
stare,1,5.807280
stark,1,4.937590
starn,0,5.383475
starr,0,4.808855
stars,0,4.600345
start,1,4.820028
stash,1,4.252149
state,1,5.006693
stats,0,3.789607
staun,0,5.070527
stave,1,5.063239
staws,0,3.925032
stays,0,4.141152
stead,1,5.195062
steak,1,4.933440
steal,1,5.480098
steam,1,5.089415
stean,0,5.414327
stear,0,5.645639
stedd,0,4.155762
stede,0,4.629111
steds,0,4.139682
steed,1,4.628657
steek,0,4.374345
steel,1,4.945993
steem,0,4.533143
steen,0,4.857801
steep,1,4.589761
steer,1,5.004562
steil,0,5.370910
stein,1,5.275901
stela,0,5.418286
stele,0,4.967268
stell,0,4.633121
steme,0,4.555072
stems,0,4.064878
stend,0,4.975387
steno,0,5.192862
stens,0,4.394461
stent,0,4.611385
steps,0,4.109949
stept,0,4.330075
stere,0,5.050885
stern,1,5.357715
stets,0,3.741086
stews,0,3.877851
stewy,0,4.463657
steys,0,4.064014
stich,0,4.684935
stick,1,4.430492
stied,0,5.219654
sties,0,4.643897
stiff,1,3.675229
stilb,0,4.700978
stile,0,5.551916
still,1,4.474100
stilt,1,4.546591
stime,0,5.141604
stims,0,3.917134
stimy,0,4.531593
sting,1,4.627319
stink,1,4.551523
stint,1,4.448438
stipa,0,4.880562
stipe,0,5.201640
stire,0,5.641458
stirk,0,4.748795
stirp,0,4.955198
stirs,0,4.424422
stive,0,4.871310
stivy,0,4.275178
stoae,0,5.601326
stoai,0,5.091856
stoas,0,4.448312
stoat,0,4.673515
stobs,0,3.820613
stock,1,4.430536
stoep,0,5.137754
stogy,0,4.522574
stoic,1,4.875739
stoit,0,4.526910
stoke,1,4.935074
stole,1,5.519420
stoln,0,5.108043
stoma,0,4.810280
stomp,1,4.424165
stond,0,4.832955
stone,1,5.436302
stong,0,4.659002
stonk,0,4.572239
stonn,0,4.310448
stony,1,4.863599
stood,1,4.172279
stook,0,3.916662
stool,1,4.480041
stoop,1,4.112485
stoor,0,4.619933
stope,0,5.157815
stops,0,3.960914
stopt,0,4.186939
store,1,5.610466
stork,1,4.757364
storm,1,4.892541
story,1,5.020477
stoss,0,3.379191
stots,0,3.598304
stott,0,3.644843
stoun,0,4.892635
stoup,0,4.624765
stour,0,5.135141
stout,1,4.310131
stove,1,4.836894
stown,0,4.516791
stowp,0,4.253832
stows,0,3.720838
strad,0,5.145465
strae,0,5.767281
strag,0,5.021236
strak,0,4.903246
strap,1,5.099869
straw,1,4.854672
stray,1,5.152403
strep,0,5.225353
strew,0,4.986963
stria,0,5.301041
strig,0,4.856580
strim,0,4.867968
strip,1,4.946348
strop,0,4.947047
strow,0,4.691523
stroy,0,5.003201
strum,0,4.645421
strut,1,4.396337
stubs,0,3.592376
stuck,1,4.224198
stude,0,4.991787
studs,0,3.756328
study,1,4.361226
stuff,1,3.456565
stull,0,4.257099
stulm,0,4.570388
stumm,0,3.648806
stump,1,4.208374
stums,0,3.682777
stung,1,4.411112
stunk,1,4.345557
stuns,0,3.999944
stunt,1,4.229850
stupa,0,4.660839
stupe,0,4.972376
sture,0,5.408308
sturt,0,4.415329
styed,0,4.800791
styes,0,4.229369
style,1,5.122177
styli,0,4.664624
stylo,0,4.757296
styme,0,4.734003
stymy,0,3.487834
styre,0,5.208348
styte,0,4.382277
suave,1,4.923007
subah,0,4.502463
subas,0,3.873086
subby,0,3.366560
suber,0,5.007062
subha,0,4.297821
succi,0,3.851809
sucks,0,3.380503
sucky,0,3.958863
sucre,0,5.288579
sudds,0,2.989499
sudor,0,4.940251
sudsy,0,3.647159
suede,0,4.563755
suent,0,5.273656
suers,0,4.496440
suete,0,4.891279
suets,0,4.397828
suety,0,4.947912
sugan,0,4.729583
sugar,1,4.984669
sughs,0,3.424136
sugos,0,3.803739
suhur,0,3.978806
suids,0,3.926726
suing,1,4.543990
suint,0,5.098685
suite,1,5.458856
suits,0,4.264020
sujee,0,4.024293
sukhs,0,3.252969
sukuk,0,2.650766
sulci,0,4.720728
sulfa,0,4.526530
sulfo,0,4.431824
sulks,0,3.624001
sulky,1,4.196513
sully,1,4.012525
sulph,0,4.450917
sulus,0,3.260423
sumac,1,4.549083
sumis,0,3.786228
summa,0,3.777737
sumos,0,3.797918
sumph,0,4.060908
sumps,0,3.427882
sunis,0,4.107728
sunks,0,3.545177
sunna,0,4.215190
sunns,0,3.297502
sunny,1,3.896117
sunup,0,3.734863
super,1,5.119950
supes,0,4.167720
supra,0,4.855190
surah,0,5.064932
sural,0,5.278031
suras,0,4.448752
surat,0,5.421721
surds,0,3.996743
sured,0,5.208506
surer,1,4.756916
sures,0,4.614678
surfs,0,3.758711
surfy,0,4.350143
surge,1,5.126411
surgy,0,4.501589
surly,1,4.850547
surra,0,4.510371
sused,0,4.262622
suses,0,3.560169
sushi,1,3.710245
susus,0,2.323061
sutor,0,5.232231
sutra,0,5.186722
sutta,0,4.360731
swabs,0,3.537803
swack,0,4.145568
swads,0,3.713296
swage,0,4.851919
swags,0,3.638397
swail,0,4.882357
swain,0,4.786613
swale,0,5.270769
swaly,0,4.639919
swami,1,4.319890
swamp,1,4.140463
swamy,0,4.246495
swang,0,4.374896
swank,0,4.295089
swans,0,3.974265
swaps,0,3.677831
swapt,0,4.639882
sward,0,4.712850
sware,0,5.335427
swarf,0,4.432020
swarm,1,4.582570
swart,0,5.077975
swash,1,3.799413
swath,1,4.635668
swats,0,4.045620
swayl,0,4.556923
sways,0,3.669198
sweal,0,5.008107
swear,1,5.168542
sweat,1,5.092741
swede,0,4.161165
sweed,0,4.158846
sweel,0,4.479422
sweep,1,4.116793
sweer,0,4.528135
swees,0,3.580549
sweet,1,4.531336
sweir,0,5.020619
swell,1,4.167299
swelt,0,4.961133
swept,1,4.594647
swerf,0,4.418625
sweys,0,3.603112
swies,0,4.161621
swift,1,4.246918
swigs,0,3.450139
swile,0,5.092620
swill,1,4.000671
swims,0,3.435824
swine,1,4.984175
swing,1,4.156100
swink,0,4.082112
swipe,0,4.725135
swire,0,5.163078
swirl,1,4.789313
swish,1,3.607478
swiss,0,2.898240
swith,0,4.453949
swits,0,3.862638
swive,0,4.396868
swizz,0,2.802344
swobs,0,3.344522
swole,0,5.055767
swoln,0,4.637563
swoon,1,3.894484
swoop,1,3.637102
swops,0,3.484441
swopt,0,4.447585
sword,1,4.536372
swore,1,5.134984
sworn,1,4.718690
swots,0,3.855899
swoun,0,4.406517
swung,1,3.932240
sybbe,0,3.816820
sybil,0,4.486604
syboe,0,4.758900
sybow,0,3.880531
sycee,0,4.495389
syces,0,4.070861
sycon,0,4.591637
syens,0,4.157111
syker,0,4.671679
sykes,0,3.723290
sylis,0,4.029952
sylph,0,4.260065
sylva,0,4.295531
symar,0,4.855156
synch,0,4.316728
syncs,0,3.750034
synds,0,3.608181
syned,0,4.814469
synes,0,4.241892
synod,1,4.548884
synth,0,4.529568
syped,0,4.547878
sypes,0,3.985059
syphs,0,3.325616
syrah,0,4.931665
syren,0,5.206612
syrup,1,4.478109
sysop,0,3.740001
sythe,0,4.851391
syver,0,4.610456
taals,0,4.731113
taata,0,3.206840
tabby,1,3.796255
taber,0,5.410838
tabes,0,5.196982
tabid,0,4.738850
tabis,0,4.877456
tabla,0,4.293534
table,1,5.425587
taboo,1,4.219175
tabor,0,5.180539
tabun,0,4.728516
tabus,0,4.651167
tacan,0,4.509769
taces,0,5.400270
tacet,0,4.869051
tache,0,5.239468
tacho,0,4.777347
tachs,0,4.712870
tacit,1,4.545888
tacks,0,4.529754
tacky,1,4.364603
tacos,0,5.082060
tacts,0,4.363659
taels,0,5.572223
taffy,1,3.684080
tafia,0,4.145766
taggy,0,3.886278
tagma,0,3.923534
tahas,0,4.298189
tahrs,0,5.068390
taiga,0,4.374074
taigs,0,4.988099
taiko,0,4.810646
tails,0,5.396127
tains,0,5.309560
taint,1,4.760028
taira,0,4.883332
taish,0,5.227659
taits,0,4.644619
tajes,0,4.724086
takas,0,4.088649
taken,1,5.083288
taker,1,5.244716
takes,0,5.027963
takhi,0,4.344951
takin,0,4.782108
takis,0,4.730797
takky,0,3.646401
talak,0,4.255580
talaq,0,3.870279
talar,0,4.906187
talas,0,4.649519
talcs,0,5.151330
talcy,0,4.989869
talea,0,4.991486
taler,0,5.770612
tales,0,5.615516
talks,0,4.766262
talky,0,4.594097
talls,0,4.585296
tally,1,4.407087
talma,0,4.291934
talon,1,5.334636
talpa,0,4.347709
taluk,0,4.693580
talus,0,5.078198
tamal,0,4.412840
tamed,0,5.103886
tamer,1,5.440076
tames,0,5.247694
tamin,0,4.974731
tamis,0,4.931357
tammy,0,3.888484
tamps,0,4.598944
tanas,0,4.609050
tanga,0,4.234402
tangi,0,4.802944
tango,1,4.886490
tangs,0,4.852182
tangy,1,4.703553
tanhs,0,4.908910
tanka,0,4.087840
tanks,0,4.704819
tanky,0,4.536398
tanna,0,3.838852
tansy,0,5.100456
tanti,0,4.480923
tanto,0,4.564288
tanty,0,4.356013
tapas,0,4.347342
taped,0,5.152147
tapen,0,5.356886
taper,1,5.509663
tapes,0,5.299053
tapet,0,4.771204
tapir,1,5.288984
tapis,0,4.986505
tappa,0,3.463931
tapus,0,4.760863
taras,0,4.812312
tardo,0,5.218862
tardy,1,4.998207
tared,0,5.603815
tares,0,5.742548
targa,0,4.462549
targe,0,5.557643
tarns,0,5.422348
taroc,0,5.342108
tarok,0,5.067885
taros,0,5.462777
tarot,1,4.924807
tarps,0,5.136781
tarre,0,5.269267
tarry,0,4.619873
tarsi,0,5.415247
tarts,0,4.733840
tarty,0,4.568348
tasar,0,4.893355
tased,0,5.389260
taser,0,5.752976
tases,0,4.814578
tasks,0,3.965732
tassa,0,3.871617
tasse,0,4.990468
tasso,0,4.541360
taste,1,4.991170
tasty,1,4.329427
tatar,0,4.210361
tater,0,5.079278
tates,0,4.864557
taths,0,4.205277
tatie,0,5.041977
tatou,0,4.336638
tatts,0,3.701236
tatty,1,3.552552
tatus,0,4.321308
taube,0,5.158554
tauld,0,5.024294
taunt,1,4.536136
tauon,0,5.173967
taupe,0,5.284198
tauts,0,4.415519
tavah,0,3.924461
tavas,0,4.048411
taver,0,5.186592
tawai,0,4.050676
tawas,0,4.110985
tawed,0,4.916747
tawer,0,5.267430
tawie,0,5.218500
tawny,1,4.565373
tawse,0,5.254323
tawts,0,4.029863
taxed,0,4.608655
taxer,0,4.956041
taxes,0,4.747819
taxis,0,4.431974
taxol,0,4.580778
taxon,0,4.486808
taxor,0,4.735694
taxus,0,4.212394
tayra,0,4.500784
tazza,0,2.800668
tazze,0,3.943906
teach,1,5.254409
teade,0,5.015455
teads,0,5.298789
teaed,0,5.035458
teaks,0,5.047334
teals,0,5.639375
teams,0,5.229758
tears,0,5.718023
teary,1,5.538002
tease,1,5.302744
teats,0,4.885538
teaze,0,4.441913
techs,0,4.724077
techy,0,4.549878
tecta,0,4.594984
teddy,1,3.959635
teels,0,4.854567
teems,0,4.436366
teend,0,4.626828
teene,0,4.224106
teens,0,4.776418
teeny,0,4.593107
teers,0,4.941206
teeth,1,3.950020
teffs,0,3.843431
teggs,0,4.043755
tegua,0,4.886502
tegus,0,4.716146
tehrs,0,5.084812
teiid,0,4.435444
teils,0,5.443642
teind,0,5.179798
teins,0,5.337162
telae,0,5.218580
telco,0,5.217209
teles,0,4.913216
telex,0,4.162472
telia,0,5.472756
telic,0,5.163837
tells,0,4.613838
telly,0,4.398936
teloi,0,5.252741
telos,0,5.309104
temed,0,4.395423
temes,0,4.530160
tempi,0,4.583498
tempo,1,4.648601
temps,0,4.601082
tempt,0,4.062868
temse,0,4.694889
tench,0,4.905938
tends,0,4.949593
tendu,0,4.786751
tenes,0,4.855109
tenet,1,4.331938
tenge,0,4.612438
tenia,0,5.414311
tenne,0,4.225894
tenno,0,4.514885
tenny,0,4.282037
tenon,0,4.567338
tenor,1,5.510925
tense,1,5.006987
tenth,1,4.392407
tents,0,4.542945
tenty,0,4.336669
tenue,0,4.808460
tepal,0,5.320115
tepas,0,5.198633
tepee,1,3.949192
tepid,1,4.858253
tepoy,0,4.808381
terai,0,5.593728
teras,0,5.663863
terce,0,5.060474
terek,0,4.653660
teres,0,5.048229
terfe,0,4.686886
terfs,0,4.933244
terga,0,5.296168
terms,0,5.096907
terne,0,5.165598
terns,0,5.413676
terra,1,5.000995
terry,0,4.602121
terse,1,5.211730
terts,0,4.752957
tesla,0,5.495092
testa,0,4.732941
teste,0,4.259591
tests,0,3.800427
testy,1,4.321667
tetes,0,4.155071
teths,0,4.226409
tetra,0,4.922317
tetri,0,4.714357
teuch,0,4.840215
teugh,0,4.650929
tewed,0,4.212172
tewel,0,4.501548
tewit,0,4.235868
texas,0,4.645236
texes,0,4.035340
texts,0,3.728018
thack,0,4.408058
thagi,0,4.618150
thaim,0,4.777029
thale,0,5.555346
thali,0,5.031533
thana,0,4.385383
thane,0,5.478899
thang,0,4.668591
thank,1,4.593005
thans,0,4.990061
thanx,0,4.257039
tharm,0,4.904404
thars,0,5.148299
thaws,0,4.465842
thawy,0,4.350452
thebe,0,4.313918
theca,0,5.026139
theed,0,4.469714
theek,0,4.196153
thees,0,4.604394
theft,1,3.914439
thegn,0,4.686476
theic,0,4.855872
thein,0,5.089011
their,1,5.327519
thelf,0,4.624099
thema,0,4.822881
theme,1,4.379018
thens,0,4.952237
theow,0,4.560768
there,1,4.889796
therm,0,4.873990
these,1,4.733901
thesp,0,4.785785
theta,1,4.477088
thete,0,4.025440
thews,0,4.427131
thewy,0,4.278352
thick,1,4.210291
thief,1,4.780367
thigh,1,3.705868
thigs,0,4.454109
thilk,0,4.477559
thill,0,4.285255
thine,0,5.273227
thing,1,4.443950
think,1,4.377005
thins,0,4.784485
thiol,0,5.023853
third,1,4.847065
thirl,0,5.085916
thoft,0,3.782641
thole,0,5.349010
tholi,0,4.846186
thong,1,4.496244
thorn,1,5.048480
thoro,0,4.353721
thorp,0,4.802913
those,1,5.291735
thous,0,4.632951
thowl,0,4.436204
thrae,0,5.581125
thraw,0,4.667001
three,1,4.944655
threw,1,4.802344
thrid,0,4.809694
thrip,0,4.763472
throb,1,4.617260
throe,0,5.425007
throw,1,4.503846
thrum,1,4.455226
thuds,0,4.320548
thugs,0,4.234003
thuja,0,3.893809
thumb,1,3.881157
thump,1,4.025542
thunk,0,4.167854
thurl,0,4.866516
thuya,0,4.458036
thyme,1,4.550683
thymi,0,4.091988
thymy,0,3.296669
tians,0,5.285916
tiara,1,4.846425
tiars,0,5.456442
tibia,1,4.043496
tical,0,5.148151
ticca,0,4.231617
ticed,0,5.052770
tices,0,5.205188
tichy,0,4.339614
ticks,0,4.308234
ticky,0,4.148135
tidal,1,5.080965
tiddy,0,3.770066
tided,0,4.405111
tides,0,5.132862
tiers,0,5.453039
tiffs,0,3.612437
tifos,0,4.572816
tifts,0,3.833609
tiger,1,5.240574
tiges,0,5.036711
tight,1,3.788003
tigon,0,4.749376
tikas,0,4.673843
tikes,0,4.838057
tikis,0,3.733772
tikka,0,3.754513
tilak,0,4.842736
tilde,1,5.273952
tiled,0,5.273437
tiler,0,5.581962
tiles,0,5.427312
tills,0,4.376995
tilly,0,4.207167
tilth,0,4.224323
tilts,0,4.375594
timbo,0,4.294734
timed,0,4.898677
timer,1,5.247412
times,0,5.048687
timid,1,3.777959
timon,0,4.769664
timps,0,4.373470
tinas,0,5.176543
tinct,0,4.293499
tinds,0,4.702626
tinea,0,5.489598
tined,0,5.200492
tines,0,5.352576
tinge,0,5.087338
tings,0,4.608016
tinks,0,4.466883
tinny,0,4.081115
tints,0,4.294652
tinty,0,4.128064
tipis,0,3.990904
tippy,0,3.725673
tipsy,1,4.630246
tired,0,5.406060
tires,0,5.553927
tirls,0,5.223209
tiros,0,5.257061
tirrs,0,4.564415
titan,1,4.563959
titch,0,3.997599
titer,0,4.883440
tithe,1,4.495603
titis,0,3.553201
title,1,4.889248
titre,0,4.987929
titty,0,3.345526
titup,0,3.951597
tiyin,0,4.065334
tiyns,0,4.757552
tizes,0,4.544875
tizzy,0,3.069249
toads,0,5.073834
toady,0,4.922172
toast,1,4.808627
toaze,0,4.949480
tocks,0,4.354229
tocky,0,4.193609
tocos,0,4.194786
today,1,4.864172
todde,0,4.446643
toddy,1,3.821840
toeas,0,5.447241
toffs,0,3.661895
toffy,0,3.517620
tofts,0,3.887358
tofus,0,4.398166
togae,0,5.346581
togas,0,4.907293
toged,0,4.929393
toges,0,5.062414
togue,0,5.012389
tohos,0,4.059966
toile,0,5.691014
toils,0,5.230374
toing,0,4.800420
toise,0,5.632637
toits,0,4.485645
tokay,0,4.568439
toked,0,4.706779
token,1,4.902861
toker,0,5.059701
tokes,0,4.849546
tokos,0,3.838698
tolan,0,5.313945
tolar,0,5.549589
tolas,0,5.283690
toled,0,5.307642
toles,0,5.448980
tolls,0,4.425956
tolly,0,4.249660
tolts,0,4.430178
tolus,0,4.931293
tolyl,0,4.172583
toman,0,4.959038
tombs,0,4.283565
tomes,0,5.064969
tomia,0,4.854525
tommy,0,3.720182
tomos,0,4.042615
tonal,1,5.349625
tondi,0,4.742276
tondo,0,4.150431
toned,0,5.251390
toner,0,5.565298
tones,0,5.389418
toney,0,5.199632
tonga,1,4.846043
tongs,0,4.682975
tonic,1,4.914575
tonka,0,4.705915
tonks,0,4.534754
tonne,0,4.765166
tonus,0,4.872660
tools,0,4.485067
tooms,0,4.063113
toons,0,4.411075
tooth,1,3.606299
toots,0,3.732385
topaz,1,4.203701
toped,0,4.975222
topee,0,4.806536
topek,0,4.717078
toper,0,5.323192
topes,0,5.121412
tophe,0,4.979407
tophi,0,4.441029
tophs,0,4.479506
topic,1,4.658501
topis,0,4.821615
topoi,0,4.051134
topos,0,4.091788
toppy,0,3.768565
toque,0,4.470566
torah,0,5.312101
toran,0,5.480551
toras,0,5.438205
torch,1,4.955294
torcs,0,5.128098
tores,0,5.560406
toric,0,5.125839
torii,0,4.499078
toros,0,4.560025
torot,0,4.025582
torrs,0,4.607189
torse,0,5.723380
torsi,0,5.237338
torsk,0,4.876863
torso,1,4.648804
torta,0,4.735969
torte,0,5.017649
torts,0,4.566819
torus,1,5.069397
tosas,0,4.499963
tosed,0,5.224828
toses,0,4.650928
toshy,0,4.585835
tossy,0,4.177663
total,1,4.678720
toted,0,4.573836
totem,1,4.443144
toter,0,4.902916
totes,0,4.691487
totty,0,3.390600
touch,1,4.645587
tough,1,4.466006
touks,0,4.431729
touns,0,4.915039
tours,0,5.103713
touse,0,5.413527
tousy,0,4.823986
touts,0,4.258537
touze,0,4.553798
touzy,0,3.943217
towed,0,4.732477
towel,1,5.021068
tower,1,5.075197
towie,0,5.029099
towns,0,4.539897
towny,0,4.385244
towse,0,5.034818
towsy,0,4.430762
towts,0,3.859731
towze,0,4.163590
towzy,0,3.537736
toxic,1,4.098470
toxin,1,4.314183
toyed,0,4.947509
toyer,0,5.305527
toyon,0,4.171840
toyos,0,4.123738
tozed,0,4.425068
tozes,0,4.563748
tozie,0,4.727564
trabs,0,5.033816
trace,1,5.830549
track,1,4.918189
tract,1,4.819158
trade,1,5.681561
trads,0,5.188674
tragi,0,5.089810
traik,0,5.100954
trail,1,5.591218
train,1,5.550773
trait,1,4.972279
tramp,1,4.909052
trams,0,5.113569
trank,0,5.038438
tranq,0,4.678627
trans,0,5.432896
trant,0,4.912825
trape,0,5.655458
traps,0,5.162954
trapt,0,4.647702
trash,1,5.316939
trass,0,4.735664
trats,0,4.778851
tratt,0,4.096717
trave,0,5.342854
trawl,1,5.028155
trayf,0,4.756745
trays,0,5.146371
tread,1,5.489401
treat,1,5.097429
treck,0,4.856808
treed,0,4.902680
treen,0,5.099262
trees,0,5.043273
trefa,0,5.143763
treif,0,5.084959
treks,0,4.904992
trema,0,5.287171
trems,0,5.075628
trend,1,5.256699
tress,0,4.695665
trest,0,4.886372
trets,0,4.734335
trews,0,4.884158
treyf,0,4.689192
treys,0,5.079945
triac,0,5.323906
triad,1,5.330471
trial,1,5.536154
tribe,1,5.343156
trice,1,5.634237
trick,1,4.715132
tride,0,5.471469
tried,1,5.478131
trier,0,5.029298
tries,0,5.618388
triff,0,3.957043
trigo,0,4.978424
trigs,0,4.910908
trike,0,5.236329
trild,0,5.149024
trill,0,4.693167
trims,0,4.910525
trine,0,5.697082
trins,0,5.215676
triol,0,5.428477
trior,0,4.796989
trios,0,5.322439
tripe,1,5.458828
trips,0,4.970868
tripy,0,4.842412
trist,0,4.736726
trite,1,5.066951
troad,0,5.345945
troak,0,5.082745
troat,0,4.951930
trock,0,4.724127
trode,0,5.460828
trods,0,4.998263
trogs,0,4.914529
trois,0,5.314437
troke,0,5.207709
troll,1,4.709951
tromp,0,4.706254
trona,0,5.425572
tronc,0,5.131611
trone,0,5.684949
tronk,0,4.841573
trons,0,5.236312
troop,1,4.400711
trooz,0,3.837722
trope,1,5.427867
troth,0,4.464330
trots,0,4.588146
trout,1,4.575700
trove,1,5.114255
trows,0,4.721336
troys,0,4.959211
truce,1,5.417510
truck,1,4.505894
trued,0,5.262185
truer,1,4.812790
trues,0,5.403108
trugo,0,4.791905
trugs,0,4.693369
trull,0,4.480061
truly,1,4.915301
trump,1,4.481993
trunk,1,4.603574
truss,1,4.318364
trust,1,4.523361
truth,1,4.235046
tryer,0,4.609478
tryke,0,4.796187
tryma,0,4.748229
tryps,0,4.590411
tryst,1,4.340474
tsade,0,5.322809
tsadi,0,4.794185
tsars,0,4.545513
tsked,0,4.452085
tsuba,0,4.431361
tsubo,0,4.346491
tuans,0,5.092039
tuart,0,4.734426
tuath,0,4.286086
tubae,0,5.089431
tubal,1,4.765785
tubar,0,4.946380
tubas,0,4.626353
tubby,0,3.373161
tubed,0,4.671490
tuber,1,5.023321
tubes,0,4.805395
tucks,0,4.114565
tufas,0,4.518866
tuffe,0,3.917396
tuffs,0,3.414342
tufts,0,3.635067
tufty,0,3.465655
tugra,0,4.818125
tuile,0,5.469856
tuina,0,5.006495
tuism,0,4.709722
tuktu,0,2.760109
tules,0,5.235038
tulip,1,4.711131
tulle,1,4.672652
tulpa,0,4.727021
tulsi,0,4.867454
tumid,0,4.379502
tummy,0,3.461652
tumor,1,4.833122
tumps,0,4.167580
tumpy,0,4.017685
tunas,0,4.988565
tunds,0,4.509284
tuned,0,5.025170
tuner,0,5.353024
tunes,0,5.167600
tungs,0,4.422568
tunic,1,4.674638
tunny,0,3.888220
tupek,0,4.511250
tupik,0,4.206313
tuple,0,5.101806
tuque,0,3.567661
turbo,1,4.643616
turds,0,4.728514
turfs,0,4.498760
turfy,0,4.352687
turks,0,4.499968
turme,0,5.141270
turms,0,4.657222
turns,0,4.978381
turnt,0,4.444161
turps,0,4.710402
turrs,0,4.362508
tushy,0,4.324532
tusks,0,3.547084
tusky,0,4.113486
tutee,0,4.188786
tutor,1,4.474400
tutti,0,3.283672
tutty,0,3.136185
tutus,0,3.241265
tuxes,0,4.360155
tuyer,0,5.095488
twaes,0,5.071713
twain,0,4.800409
twals,0,4.781111
twang,1,4.388374
twank,0,4.305531
twats,0,4.028349
tways,0,4.406784
tweak,1,4.462403
tweed,1,4.177309
tweel,0,4.473070
tween,0,4.382881
tweep,0,4.121121
tweer,0,4.537129
tweet,1,3.779312
twerk,0,4.434182
twerp,0,4.656025
twice,1,4.900961
twier,0,5.109596
twigs,0,4.172302
twill,0,3.996108
twilt,0,4.059046
twine,1,4.985071
twink,0,4.092861
twins,0,4.494492
twiny,0,4.364888
twire,0,5.182920
twirl,1,4.799604
twirp,0,4.498238
twist,1,3.999499
twite,0,4.330319
twits,0,3.840368
twixt,1,3.130404
twoer,0,5.086399
twyer,0,4.699750
tyees,0,4.539517
tyers,0,5.058346
tying,1,4.409568
tyiyn,0,3.897778
tykes,0,4.448923
tyler,0,5.190181
tymps,0,3.998641
tynde,0,4.792407
tyned,0,4.820560
tynes,0,4.975853
typal,0,4.723923
typed,0,4.549331
types,0,4.715026
typey,0,3.933239
typic,0,4.257066
typos,0,4.442798
typps,0,3.489940
typto,0,3.745335
tyran,0,5.102849
tyred,0,5.008930
tyres,0,5.167990
tyros,0,4.912844
tythe,0,4.096989
tzars,0,4.545327
udals,0,4.671662
udder,1,4.072178
udons,0,4.432504
ugali,0,4.499542
ugged,0,3.611589
uhlan,0,4.693053
uhuru,0,2.952093
ukase,0,4.859382
ulama,0,4.027270
ulans,0,4.969080
ulcer,1,5.082541
ulema,0,4.791348
ulmin,0,4.470006
ulnad,0,4.748445
ulnae,0,5.325174
ulnar,0,5.120932
ulnas,0,4.877023
ulpan,0,4.671414
ultra,1,5.067096
ulvas,0,4.334817
ulyie,0,4.928923
ulzie,0,4.412024
umami,0,3.596544
umbel,0,4.389499
umber,0,4.441901
umble,0,4.426484
umbos,0,3.927343
umbra,1,4.200444
umbre,0,4.528929
umiac,0,4.361570
umiak,0,4.112418
umiaq,0,3.687906
ummah,0,3.482753
ummas,0,3.602039
ummed,0,3.631665
umped,0,4.197331
umphs,0,3.679061
umpie,0,4.491127
umpty,0,3.901504
umrah,0,4.525014
umras,0,4.647009
unais,0,4.813303
unapt,0,4.757011
unarm,0,4.724235
unary,0,4.847549
unaus,0,3.992234
unbag,0,4.046348
unban,0,3.688010
unbar,0,4.663195
unbed,0,4.393977
unbid,0,4.065727
unbox,0,3.460850
uncap,0,4.350397
unces,0,4.731426
uncia,0,4.513943
uncle,1,4.916807
uncos,0,4.438877
uncoy,0,4.290421
uncus,0,3.518236
uncut,1,3.750109
undam,0,4.229227
undee,0,4.370068
under,1,4.858052
undid,1,3.620154
undos,0,4.368215
undue,1,3.963480
undug,0,3.163394
uneth,0,4.738131
unfed,1,4.277630
unfit,1,4.308716
unfix,0,3.323028
ungag,0,3.578363
unget,0,4.772961
ungod,0,4.140025
ungot,0,4.479160
ungum,0,3.082431
unhat,0,4.628132
unhip,0,4.068135
unica,0,4.643890
unify,1,4.016253
union,1,4.002153
unite,1,5.166095
units,0,4.725912
unity,1,4.565340
unjam,0,3.586718
unked,0,4.219329
unket,0,4.576355
unkid,0,3.914198
unlaw,0,4.306334
unlay,0,4.634340
unled,0,4.823968
unlet,0,5.163165
unlid,0,4.493996
unlit,1,4.836874
unman,0,3.723538
unmet,1,4.782640
unmew,0,4.099974
unmix,0,3.484322
unpay,0,4.329807
unpeg,0,4.315556
unpen,0,3.955395
unpin,0,3.638638
unred,0,4.939854
unrid,0,4.637172
unrig,0,4.464861
unrip,0,4.573947
unsaw,0,4.273860
unsay,0,4.590361
unsee,0,4.592958
unset,1,5.113571
unsew,0,4.438327
unsex,0,4.137721
unsod,0,4.453134
untax,0,4.034038
untie,1,5.101332
until,1,4.790429
untin,0,3.972238
unwed,1,4.236748
unwet,0,4.599357
unwit,0,4.278415
unwon,0,3.387617
unzip,1,3.543025
upbow,0,3.539913
upbye,0,4.100012
updos,0,4.150672
updry,0,4.142140
upend,0,4.451203
upjet,0,4.076019
uplay,0,4.443133
upled,0,4.633957
uplit,0,4.659098
upped,0,3.722189
upper,1,4.073646
upran,0,4.771840
uprun,0,3.753766
upsee,0,4.378204
upset,1,4.901914
upsey,0,4.505596
uptak,0,4.210737
upter,0,4.977307
uptie,0,4.925931
uraei,0,5.340463
urali,0,5.101547
uraos,0,5.159081
urare,0,4.913784
urari,0,4.393690
urase,0,5.591295
urate,0,5.667025
urban,1,4.736566
urbex,0,4.082912
urbia,0,4.644166
urdee,0,4.675749
ureal,0,5.371434
ureas,0,5.284916
uredo,0,4.943289
ureic,0,5.008459
urena,0,5.253048
urent,0,5.314059
urged,0,4.743952
urger,0,4.283996
urges,0,4.880120
urial,0,5.191531
urine,1,5.353582
urite,0,5.485223
urman,0,4.770447
urnal,0,5.100919
urned,0,5.039067
urped,0,4.797615
ursae,0,5.470296
ursid,0,4.767734
urson,0,4.966460
urubu,0,2.804743
urvas,0,4.494379
usage,1,4.878654
users,0,4.208052
usher,1,4.754501
using,1,4.225466
usnea,0,4.976762
usque,0,3.252839
usual,1,4.064902
usure,0,4.388237
usurp,1,3.704848
usury,0,3.764210
uteri,0,5.032076
utile,1,5.276972
utter,1,4.533868
uveal,0,4.559463
uveas,0,4.429529
uvula,0,3.475539
vacua,0,3.557832
vaded,0,3.924261
vades,0,4.649520
vagal,0,3.750064
vague,1,4.494037
vagus,0,4.031915
vails,0,4.724438
vaire,0,5.281091
vairs,0,4.826901
vairy,0,4.665189
vakas,0,3.428086
vakil,0,4.208873
vales,0,4.940150
valet,1,5.152000
valid,1,4.483596
valis,0,4.632313
valor,1,4.889824
valse,0,5.141192
value,1,4.878444
valve,1,4.161568
vamps,0,3.928997
vampy,0,3.772650
vanda,0,3.671352
vaned,0,4.743399
vanes,0,4.880736
vangs,0,4.200512
vants,0,4.611868
vaped,0,4.467872
vaper,0,4.823663
vapes,0,4.618230
vapid,1,4.156894
vapor,1,4.611434
varan,0,4.198195
varas,0,4.150358
vardy,0,4.341047
varec,0,4.938448
vares,0,5.070135
varia,0,4.146933
varix,0,4.019330
varna,0,4.133515
varus,0,4.561043
varve,0,4.304606
vasal,0,4.044865
vases,0,4.133640
vasts,0,3.861375
vasty,0,4.417383
vatic,0,4.462409
vatus,0,4.412849
vauch,0,4.147245
vault,1,4.707285
vaunt,1,4.620796
vaute,0,4.947234
vauts,0,4.503161
vawte,0,4.595908
vaxes,0,4.067442
veale,0,4.671106
veals,0,4.960449
vealy,0,4.755084
veena,0,4.271351
veeps,0,3.813285
veers,0,4.270605
veery,0,4.081420
vegan,1,4.505296
vegas,0,4.457609
veges,0,3.854542
vegie,0,4.002959
vegos,0,4.266428
vehme,0,3.650738
veils,0,4.771653
veily,0,4.554758
veins,0,4.661063
veiny,0,4.460796
velar,0,5.069203
velds,0,4.356165
veldt,0,4.566785
veles,0,4.242860
vells,0,3.945610
velum,0,4.162497
venae,0,4.487599
venal,0,4.898514
vends,0,4.295434
vendu,0,4.121423
veney,0,3.987506
venge,0,3.935891
venin,0,3.906097
venom,1,4.301093
vents,0,4.630295
venue,1,4.119202
venus,0,4.380067
verbs,0,4.342854
verge,1,4.156545
verra,0,4.322558
verry,0,3.927648
verse,1,4.546703
verso,1,4.853046
verst,0,5.031536
verts,0,4.837395
vertu,0,4.647694
verve,1,3.567978
vespa,0,4.453651
vesta,0,4.811824
vests,0,3.880715
vetch,0,4.305627
vexed,0,3.220283
vexer,0,3.566370
vexes,0,3.359452
vexil,0,3.931029
vezir,0,4.064453
vials,0,4.695019
viand,0,4.473520
vibes,0,4.316055
vibex,0,3.555350
vibey,0,4.140382
vicar,1,4.659635
viced,0,4.368028
vices,0,4.520355
vichy,0,3.671176
video,1,4.459020
viers,0,4.771158
views,0,4.075560
viewy,0,3.885881
vifda,0,3.737039
viffs,0,2.940264
vigas,0,4.183964
vigia,0,3.394456
vigil,1,3.410714
vigor,1,4.347258
vilde,0,4.601891
viler,0,4.903961
villa,1,3.841521
villi,0,2.901003
vills,0,3.708971
vimen,0,4.406718
vinal,0,4.611617
vinas,0,4.500750
vinca,0,4.328253
vined,0,4.521939
viner,0,4.848651
vines,0,4.671373
vinew,0,4.216522
vinic,0,3.379886
vinos,0,4.360705
vints,0,4.381715
vinyl,1,4.128576
viola,1,4.608192
viold,0,4.388077
viols,0,4.525704
viper,1,4.616124
viral,1,4.804423
vired,0,4.724729
vireo,0,4.872460
vires,0,4.870958
virga,0,4.352681
virge,0,4.654411
virid,0,3.642711
virls,0,4.565752
virtu,0,4.399221
virus,1,4.337460
visas,0,3.769958
vised,0,4.521967
vises,0,3.945503
visie,0,4.049314
visit,1,3.792091
visne,0,4.798709
vison,0,4.421248
visor,1,4.652564
vista,1,4.532476
visto,0,4.415722
vitae,0,5.028620
vital,1,4.696125
vitas,0,4.579089
vitex,0,3.985821
vitro,0,4.620100
vitta,0,3.874429
vivas,0,3.614001
vivat,0,3.837697
vivda,0,3.320625
viver,0,3.970462
vives,0,3.770744
vivid,1,2.526998
vixen,1,3.908253
vizir,0,3.058497
vizor,0,3.848255
vleis,0,4.680659
vlies,0,4.834038
vlogs,0,4.124707
voars,0,4.820153
vocab,0,4.044135
vocal,1,4.532295
voces,0,4.547622
voddy,0,3.153158
vodka,1,3.817521
vodou,0,3.273505
vodun,0,4.052340
voema,0,4.416330
vogie,0,4.526598
vogue,1,4.327756
voice,1,4.806762
voids,0,4.230191
voila,1,4.652134
voile,0,4.997313
voips,0,4.198840
volae,0,5.034398
volar,0,4.888110
voled,0,4.635955
voles,0,4.781132
volet,0,4.982989
volks,0,3.954480
volta,0,4.657001
volte,0,4.954159
volti,0,4.460211
volts,0,4.519181
volva,0,3.665621
volve,0,3.970331
vomer,0,4.577117
vomit,1,4.306153
voted,0,4.632256
voter,1,4.970862
votes,0,4.772878
vouch,1,3.987369
vouge,0,4.367028
voulu,0,3.501384
vowed,0,4.052764
vowel,1,4.348040
vower,0,4.393929
voxel,0,4.044951
vozhd,0,3.125812
vraic,0,4.666744
vrils,0,4.628832
vroom,0,3.659075
vrous,0,4.430288
vrouw,0,4.000906
vrows,0,4.070315
vuggs,0,2.951518
vuggy,0,2.791154
vughs,0,3.505761
vughy,0,3.348303
vulgo,0,3.922318
vulns,0,4.189686
vulva,0,3.422744
vutty,0,3.347850
vying,1,3.748605
waacs,0,3.960574
wacke,0,4.456262
wacko,0,3.999487
wacks,0,3.964499
wacky,1,3.785884
wadds,0,3.570142
waddy,0,3.406546
waded,0,4.026611
wader,0,4.964739
wades,0,4.753108
wadge,0,4.564864
wadis,0,4.430040
wadts,0,4.475045
wafer,1,4.717672
waffs,0,3.257111
wafts,0,4.232973
waged,0,4.533558
wager,1,4.873249
wages,0,4.671485
wagga,0,2.829943
wagon,1,4.389670
wagyu,0,3.779044
wahoo,0,3.689795
waide,0,4.947457
waifs,0,4.251612
waift,0,4.479920
wails,0,4.821867
wains,0,4.731253
wairs,0,4.915381
waist,1,5.010281
waite,0,5.283740
waits,0,4.821540
waive,1,4.597045
wakas,0,3.514561
waked,0,4.305503
waken,0,4.485401
waker,0,4.655754
wakes,0,4.450855
wakfs,0,3.630194
waldo,0,4.480988
walds,0,4.434164
waled,0,4.903889
waler,0,5.205866
wales,0,5.049027
walie,0,5.210695
walis,0,4.729467
walks,0,4.206269
walla,0,3.371243
walls,0,4.014122
wally,0,3.833897
walty,0,4.589965
waltz,1,3.991466
wamed,0,4.523831
wames,0,4.663087
wamus,0,4.114692
wands,0,4.382870
waned,0,4.847988
wanes,0,4.985682
waney,0,4.786922
wangs,0,4.294677
wanks,0,4.145570
wanky,0,3.967957
wanle,0,5.209839
wanly,0,4.540224
wanna,0,3.264939
wants,0,4.706615
wanty,0,4.533002
wanze,0,4.300857
waqfs,0,3.296199
warbs,0,4.435275
warby,0,4.277721
wards,0,4.593034
wared,0,5.033054
wares,0,5.174162
warez,0,4.407526
warks,0,4.366284
warms,0,4.521946
warns,0,4.854921
warps,0,4.568252
warre,0,4.702565
warst,0,5.123096
warts,0,4.923005
warty,1,4.749918
wases,0,4.239342
washy,0,4.166568
wasms,0,3.554849
wasps,0,3.601459
waspy,0,4.178382
waste,1,5.172850
wasts,0,3.957348
watap,0,3.900295
watch,1,4.404433
water,1,5.257439
watts,0,4.022231
wauff,0,3.177034
waugh,0,4.050593
wauks,0,4.017067
waulk,0,4.182195
wauls,0,4.585431
waurs,0,4.686187
waved,0,4.257142
waver,1,4.603644
waves,0,4.401908
wavey,0,4.209482
wawas,0,3.120299
wawes,0,4.078407
wawls,0,3.806301
waxed,0,4.027456
waxen,1,4.204272
waxer,0,4.371280
waxes,0,4.169668
wayed,0,4.550774
wazir,0,4.149920
wazoo,0,3.158856
weald,0,4.933870
weals,0,5.070909
weamb,0,4.294923
weans,0,4.993847
wears,0,5.153094
weary,1,4.979855
weave,1,4.085704
webby,0,3.203994
weber,0,4.136015
wecht,0,4.387563
wedel,0,4.224140
wedge,1,3.840376
wedgy,0,3.922783
weeds,0,3.954786
weedy,1,3.754891
weeke,0,3.151129
weeks,0,3.720533
weels,0,4.299755
weems,0,3.882060
weens,0,4.232052
weeny,0,4.036325
weeps,0,3.929702
weepy,0,3.735575
weest,0,4.475136
weete,0,3.716333
weets,0,4.287325
wefte,0,3.988321
wefts,0,4.263756
weids,0,4.530991
weigh,1,4.296422
weils,0,4.882192
weird,1,4.832344
weirs,0,4.969628
weise,0,4.569696
weize,0,3.675631
wekas,0,4.366816
welch,1,4.412026
welds,0,4.470417
welke,0,3.970866
welks,0,4.237551
welkt,0,4.440769
wells,0,4.053084
welly,0,3.832183
welsh,1,4.607336
welts,0,4.802102
wembs,0,3.904206
wench,1,4.349329
wends,0,4.405345
wenge,0,4.046366
wenny,0,3.719013
wents,0,4.739213
weros,0,4.897511
wersh,0,4.759109
wests,0,3.990852
wetas,0,4.958141
wetly,0,4.607755
wexed,0,3.337678
wexes,0,3.476842
whack,1,3.831611
whale,1,4.977591
whamo,0,4.131016
whams,0,4.095031
whang,0,4.110188
whaps,0,4.138952
whare,0,5.081010
wharf,1,4.197506
whata,0,3.883253
whats,0,4.493234
whaup,0,4.034878
whaur,0,4.553013
wheal,0,4.723042
whear,0,4.899172
wheat,1,4.815671
wheel,1,4.193628
wheen,0,4.108449
wheep,0,3.839595
wheft,0,4.122257
whelk,0,4.047450
whelm,0,4.201305
whelp,1,4.262594
whens,0,4.405880
where,1,4.326169
whets,0,4.458883
whews,0,3.475702
wheys,0,4.080221
which,1,3.309004
whids,0,3.974470
whiff,1,2.912696
whift,0,3.962036
whigs,0,3.902199
while,1,4.794578
whilk,0,3.906153
whims,0,3.895973
whine,1,4.695624
whins,0,4.223507
whiny,1,4.079235
whios,0,4.291619
whips,0,3.939389
whipt,0,4.155415
whirl,1,4.511336
whirr,0,3.886979
whirs,0,4.402090
whish,0,3.509196
whisk,1,3.860721
whiss,0,3.522334
whist,0,4.460356
white,1,4.774704
whits,0,4.295972
whity,0,4.142846
whizz,0,2.516555
whole,1,4.770259
whomp,0,3.680923
whoof,0,3.161475
whoop,1,3.362901
whoot,0,3.805896
whops,0,3.954429
whore,0,4.880875
whorl,0,4.540288
whort,0,4.662583
whose,1,4.741742
whoso,0,3.643046
whows,0,3.315815
whump,0,3.444242
whups,0,3.725332
whyda,0,3.806014
wicca,0,3.642529
wicks,0,3.748362
wicky,0,3.577909
widdy,0,3.188945
widen,1,4.599117
wider,1,4.763168
wides,0,4.555587
widow,1,3.375059
width,1,4.107863
wield,1,4.638261
wiels,0,4.802157
wifed,0,4.159498
wifes,0,4.311391
wifey,0,4.128154
wifie,0,3.678109
wifty,0,3.854640
wigan,0,4.323584
wigga,0,3.388027
wiggy,0,3.084542
wight,1,3.977578
wikis,0,3.157757
wilco,0,4.406026
wilds,0,4.225827
wiled,0,4.715051
wiles,0,4.866298
wilga,0,4.308849
wilis,0,3.745059
wilja,0,3.756297
wills,0,3.808014
willy,1,3.633092
wilts,0,4.556867
wimps,0,3.790708
wimpy,1,3.651085
wince,1,4.760934
winch,1,4.100160
winds,0,4.139028
windy,1,3.981980
wined,0,4.620423
wines,0,4.771666
winey,0,4.583850
winge,0,4.520559
wings,0,4.051471
wingy,0,3.904000
winks,0,3.910111
winna,0,3.804212
winns,0,3.663023
winos,0,4.461216
winze,0,4.051178
wiped,0,4.377799
wiper,0,4.731719
wipes,0,4.527804
wired,0,4.831652
wirer,0,4.374660
wires,0,4.980447
wirra,0,4.159817
wised,0,4.625763
wiser,1,4.982368
wises,0,4.049346
wisha,0,4.252010
wisht,0,4.301219
wisps,0,3.377972
wispy,1,3.963536
wists,0,3.734136
witan,0,4.731549
witch,1,4.174211
wited,0,4.711717
wites,0,4.855559
withe,0,4.667605
withs,0,4.170298
withy,0,4.030075
witty,1,3.655889
wived,0,4.048154
wiver,0,4.400930
wives,0,4.196705
wizen,0,4.003579
wizes,0,3.964727
woads,0,4.499152
woald,0,4.706640
wocks,0,3.792658
wodge,0,4.366287
woful,0,3.969979
wojus,0,3.437657
woken,1,4.316014
woker,0,4.482053
wokka,0,3.220367
wolds,0,4.276176
wolfs,0,4.043782
wolly,0,3.671395
wolve,0,4.399735
woman,1,4.366896
wombs,0,3.704479
womby,0,3.565187
women,1,4.517671
womyn,0,3.874885
wonga,0,4.271660
wongi,0,4.067424
wonks,0,3.977651
wonky,0,3.800108
wonts,0,4.545416
woods,0,3.574074
woody,1,3.425437
wooed,0,4.032109
wooer,1,4.355545
woofs,0,3.338706
woofy,0,3.195671
woold,0,3.782147
wools,0,3.913679
wooly,1,3.752829
woons,0,3.832859
woops,0,3.534546
woopy,0,3.385768
woose,0,4.326700
woosh,0,3.733720
wootz,0,3.137343
woozy,1,2.836412
words,0,4.415224
wordy,1,4.262311
works,0,4.188959
world,1,4.576503
worms,0,4.338562
wormy,0,4.184521
worry,1,3.886949
worse,1,5.174202
worst,1,4.936765
worth,1,4.592316
worts,0,4.747143
would,1,4.297506
wound,1,4.199680
woven,1,4.266791
wowed,0,3.750833
wowee,0,3.570597
woxen,0,4.033215
wrack,1,4.349639
wrang,0,4.556375
wraps,0,4.596901
wrapt,0,4.848584
wrast,0,5.144191
wrate,0,5.443698
wrath,1,4.825350
wrawl,0,4.072632
wreak,1,4.649203
wreck,1,4.294857
wrens,0,4.836838
wrest,1,5.104421
wrick,0,4.147708
wried,0,4.899437
wrier,0,4.444406
wries,0,5.039733
wring,1,4.324398
wrist,1,4.945014
write,1,5.240663
writs,0,4.772682
wroke,0,4.645987
wrong,1,4.364362
wroot,0,4.272467
wrote,1,5.219356
wroth,0,4.645129
wrung,1,4.114445
wryer,0,4.043368
wryly,1,3.551500
wuddy,0,2.983846
wudus,0,3.130686
wulls,0,3.605705
wurst,0,4.697999
wuses,0,3.843068
wushu,0,3.065770
wussy,0,3.358201
wuxia,0,3.532505
wyled,0,4.324807
wyles,0,4.488876
wynds,0,3.781720
wynns,0,3.315644
wyted,0,4.321191
wytes,0,4.480281
xebec,0,3.435595
xenia,0,4.478306
xenic,0,4.172394
xenon,0,3.631447
xeric,0,4.384650
xerox,0,3.670275
xerus,0,4.325865
xoana,0,3.782900
xrays,0,4.223678
xylan,0,4.020037
xylem,0,3.843770
xylic,0,3.640585
xylol,0,3.220726
xylyl,0,2.192001
xysti,0,3.709417
xysts,0,2.991313
yaars,0,4.423078
yabas,0,3.848517
yabba,0,2.912353
yabby,0,2.769672
yacca,0,3.267193
yacht,1,4.521350
yacka,0,3.486462
yacks,0,4.126861
yaffs,0,3.450857
yager,0,5.025811
yages,0,4.824859
yagis,0,4.537119
yahoo,0,3.878010
yaird,0,4.950086
yakka,0,2.762687
yakow,0,3.876444
yales,0,5.198802
yamen,0,4.860548
yampy,0,3.433302
yamun,0,4.367772
yangs,0,4.481878
yanks,0,4.313471
yapok,0,4.179008
yapon,0,4.636627
yapps,0,3.699775
yappy,0,2.912975
yarak,0,4.001183
yarco,0,4.953988
yards,0,4.759390
yarer,0,4.706614
yarfa,0,3.916326
yarks,0,4.521716
yarns,0,5.031886
yarrs,0,4.380329
yarta,0,4.449445
yarto,0,5.123811
yates,0,5.194153
yauds,0,4.429080
yauld,0,4.616593
yaups,0,4.413636
yawed,0,4.467354
yawey,0,3.847111
yawls,0,4.392850
yawns,0,4.349819
yawny,0,3.561210
yawps,0,4.035220
ybore,0,4.839145
yclad,0,4.435694
ycled,0,4.562439
ycond,0,4.323487
ydrad,0,3.929287
ydred,0,4.026052
yeads,0,4.852072
yeahs,0,4.830550
yealm,0,4.936267
yeans,0,5.133910
yeard,0,5.158518
yearn,1,5.355936
years,0,5.293802
yeast,1,5.386119
yecch,0,3.687031
yechs,0,4.315184
yechy,0,3.539676
yedes,0,4.213482
yeeds,0,4.075143
yeesh,0,4.260214
yeggs,0,3.636308
yelks,0,4.356506
yells,0,4.186077
yelms,0,4.548199
yelps,0,4.584379
yelts,0,4.924402
yenta,0,5.034290
yente,0,4.579102
yerba,0,4.793050
yerds,0,4.736447
yerks,0,4.499732
yeses,0,3.698130
yesks,0,3.544541
yests,0,4.115931
yesty,0,4.079329
yetis,0,4.907425
yetts,0,4.185862
yeuks,0,4.191784
yeuky,0,3.401703
yeven,0,3.903689
yeves,0,3.857300
yewen,0,3.976377
yexed,0,3.469797
yexes,0,3.631673
yfere,0,4.186783
yield,1,4.767769
yiked,0,4.260104
yikes,0,4.432814
yills,0,3.987300
yince,0,4.898634
yipes,0,4.695158
yippy,0,2.701564
yirds,0,4.538864
yirks,0,4.302279
yirrs,0,4.167193
yirth,0,4.715744
yites,0,5.010950
yitie,0,4.364672
ylems,0,4.547599
ylike,0,4.655734
ylkes,0,4.450757
ymolt,0,4.569474
ympes,0,4.234584
yobbo,0,2.734518
yobby,0,2.600697
yocks,0,3.956630
yodel,0,4.895960
yodhs,0,4.146766
yodle,0,4.932545
yogas,0,4.544551
yogee,0,4.317144
yoghs,0,4.047869
yogic,0,4.192069
yogin,0,4.411074
yogis,0,4.384021
yoick,0,4.194704
yojan,0,4.038904
yoked,0,4.276891
yokel,0,4.594845
yoker,0,4.640097
yokes,0,4.447941
yokul,0,4.133147
yolks,0,4.214730
yolky,0,3.421623
yomim,0,3.576811
yomps,0,4.047188
yonic,0,4.510495
yonis,0,4.695822
yonks,0,4.144262
yoofs,0,3.531165
yoops,0,3.729980
yores,0,5.148290
yorks,0,4.352126
yorps,0,4.577755
youks,0,4.029137
young,1,4.201797
yourn,0,4.759851
yours,0,4.710847
yourt,0,4.929897
youse,0,4.985551
youth,1,4.447196
yowed,0,4.290537
yowes,0,4.454247
yowie,0,4.566636
yowls,0,4.222449
yowza,0,3.446541
yrapt,0,5.008011
yrent,0,5.192282
yrivd,0,4.155806
yrneh,0,4.921276
ysame,0,4.829463
ytost,0,4.154398
yuans,0,4.698217
yucas,0,4.433461
yucca,0,3.638738
yucch,0,3.322152
yucko,0,3.770320
yucks,0,3.715582
yucky,0,2.937954
yufts,0,3.990103
yugas,0,4.292816
yuked,0,4.067739
yukes,0,4.236519
yukky,0,2.205266
yukos,0,3.970604
yulan,0,4.692114
yules,0,4.823739
yummo,0,3.278761
yummy,0,2.440424
yumps,0,3.786900
yupon,0,4.251868
yuppy,0,2.494065
yurta,0,4.812688
yurts,0,4.657319
yuzus,0,2.730910
zabra,0,3.464146
zacks,0,3.606712
zaida,0,3.511990
zaidy,0,3.968649
zaire,0,5.042818
zakat,0,3.372602
zaman,0,3.399959
zambo,0,3.566197
zamia,0,3.350824
zanja,0,2.756566
zante,0,4.841418
zanza,0,2.690823
zanze,0,3.836238
zappy,0,2.991739
zarfs,0,4.002606
zaris,0,4.524163
zatis,0,4.385458
zaxes,0,3.811303
zayin,0,4.112346
zazen,0,3.752915
zeals,0,4.714406
zebec,0,3.435240
zebra,1,4.308550
zebub,0,2.910613
zebus,0,3.742013
zedas,0,4.289691
zeins,0,4.408138
zendo,0,4.090277
zerda,0,4.459746
zerks,0,4.015123
zeros,0,4.543954
zests,0,3.623019
zesty,1,4.150198
zetas,0,4.590597
zexes,0,3.103593
zezes,0,2.991826
zhomo,0,2.904985
zibet,0,4.303754
ziffs,0,2.677111
zigan,0,3.971430
zilas,0,4.314227
zilch,0,3.845482
zilla,0,3.592278
zills,0,3.454575
zimbi,0,2.504453
zimbs,0,3.307458
zinco,0,3.959005
zincs,0,3.919589
zincy,0,3.763615
zineb,0,4.072920
zines,0,4.428623
zings,0,3.692767
zingy,0,3.545278
zinke,0,4.040163
zinky,0,3.375457
zippo,0,2.973928
zippy,0,2.782755
ziram,0,4.197403
zitis,0,3.384046
zizel,0,3.658130
zizit,0,2.602969
zlote,0,4.721565
zloty,0,4.114327
zoaea,0,4.072405
zobos,0,3.044651
zobus,0,3.564219
zocco,0,2.550348
zoeae,0,4.231563
zoeal,0,4.653112
zoeas,0,4.516232
zoism,0,3.997150
zoist,0,4.498149
zombi,0,3.310352
zonae,0,4.748023
zonal,1,4.433979
zonda,0,4.023382
zoned,0,4.333086
zoner,0,4.647513
zones,0,4.472562
zonks,0,3.617076
zooea,0,3.929529
zooey,0,3.625378
zooid,0,3.375095
zooks,0,2.981370
zooms,0,3.132005
zoons,0,3.475154
zooty,0,3.382110
zoppa,0,3.126740
zoppo,0,2.327236
zoril,0,4.483093
zoris,0,4.361100
zorro,0,3.044407
zouks,0,3.511088
zowee,0,3.622335
zowie,0,4.095761
zulus,0,3.076145
zupan,0,3.849216
zupas,0,3.800521
zuppa,0,2.887622
zurfs,0,3.578570
zuzim,0,2.710915
zygal,0,3.746094
zygon,0,3.499647
zymes,0,3.736450
zymic,0,3.265047
